MONTH,ZONA,CAT,NUM_SKUS_TURBO,USERS_TURBO,ORDERS_TURBO,TOTAL_PRICE_USD_TURBO,SOLD_UNITS_TURBO,AVG_TICKET_TURBO,MDOWN_AVG_TURBO,NUM_SKUS_SUPER,USERS_SUPER,ORDERS_SUPER,TOTAL_PRICE_USD_SUPER,SOLD_UNITS_SUPER,AVG_TICKET_SUPER,MDOWN_AVG_SUPER,NPI,AOV_TURBO,BASKET_SIZE_TURBO,FREQUENCY_TURBO,AOV_SUPER,BASKET_SIZE_SUPER,FREQUENCY_SUPER
2022-01-01,Bogotá,CERVEZAS,39,19660,30413,186718.05,57010,3.332489467,0.04833189141,32,3710,4444,30142.3,9611,3.227774799,0.05429233833,1.032441752,6.13941571,1.874527,1.546948,6.78269577,2.162691,1.197844
2022-01-01,Bogotá,CERVEZAS,32,552,862,5635.92,1749,3.304380668,0.0667954442,26,184,235,1709.84,545,3.170179009,0.05110271141,1.042332518,6.53819026,2.029002,1.561594,7.27591489,2.319149,1.277174
2022-01-01,Cali y Bucaramanga,CERVEZAS,33,1780,2973,18149.28,5405,3.414162714,0.03702044502,28,564,673,4456.66,1452,3.151354842,0.04065109569,1.083395201,6.10470232,1.818029,1.670225,6.62208024,2.157504,1.193262
2022-01-01,Costa,CERVEZAS,22,3008,5025,32952.24,9648,3.466564983,0.08692634566,19,444,531,3814.54,1288,3.046712629,0.04904353215,1.137805039,6.5576597,1.92,1.670545,7.18369115,2.425612,1.195946
2022-01-01,Costa,CERVEZAS,21,1091,1598,11093.63,3272,3.425882884,0.102540848,20,659,831,6384.43,2093,3.124689399,0.03433838995,1.096391496,6.9421965,2.047559,1.464711,7.68282792,2.518652,1.261002
2022-01-01,Medellín,CERVEZAS,19,7099,11277,61090.43,19007,3.247008293,0.04601563245,18,2134,2639,16596.08,5499,3.116347969,0.04399048647,1.041927386,5.41725902,1.685466,1.588534,6.28877605,2.083744,1.236645
2022-02-01,Bogotá,CERVEZAS,41,20554,31564,196615.5,57695,3.454832156,0.07772165693,38,3621,4209,26450.84,8247,3.286342663,0.0680250337,1.051269606,6.22910594,1.827874,1.535662,6.28435258,1.959373,1.162386
2022-02-01,Bogotá,CERVEZAS,31,378,545,3384.08,1008,3.399902732,0.07280154589,23,165,194,1237.29,391,3.223424281,0.06219263342,1.05474875,6.2093211,1.849541,1.441799,6.37778351,2.015464,1.175758
2022-02-01,Cali y Bucaramanga,CERVEZAS,36,1910,3304,21063.56,5868,3.620943226,0.07492534845,29,421,504,3307.45,1045,3.278920351,0.03724093327,1.104309601,6.37516949,1.776029,1.729843,6.56240079,2.073413,1.19715
2022-02-01,Costa,CERVEZAS,33,3142,5263,33653.2,9828,3.465981282,0.09234072784,28,414,481,3277.51,1083,3.183988875,0.05100345401,1.088565764,6.39429983,1.867376,1.675048,6.8139501,2.251559,1.161836
2022-02-01,Costa,CERVEZAS,27,927,1412,10429.97,3022,3.505732402,0.09151511304,24,439,527,3751.36,1204,3.282872606,0.04652696311,1.067885606,7.38666431,2.140227,1.523193,7.11833017,2.28463,1.200456
2022-02-01,Medellín,CERVEZAS,30,8377,13343,75076.26,22573,3.368933953,0.06666399355,26,2167,2594,15906.12,5084,3.236524967,0.05297018334,1.04091085,5.62664019,1.691748,1.592814,6.13188897,1.959907,1.197047
2022-03-01,Bogotá,CERVEZAS,32,420,656,4634.35,1370,3.469235598,0.05504419109,26,197,220,1591.85,491,3.200989018,0.1037577175,1.083801156,7.06455793,2.088415,1.561905,7.23568182,2.231818,1.116751
2022-03-01,Bogotá,CERVEZAS,38,22477,35474,212896.35,65204,3.317126965,0.05694293942,35,4487,5306,37483.89,11128,3.447053029,0.09536907824,0.9623080753,6.00147573,1.838079,1.578236,7.0644346,2.097248,1.182527
2022-03-01,Cali y Bucaramanga,CERVEZAS,36,2060,3355,19273.13,5746,3.402023022,0.04977305003,33,618,750,6080.45,1881,3.289800518,0.08149436904,1.034112252,5.74459911,1.712668,1.628641,8.10726667,2.508,1.213592
2022-03-01,Cali y Bucaramanga,CERVEZAS,22,183,265,1492.61,491,3.358025779,0.003779720506,18,210,261,3182.12,1123,3.128459862,0.06188407946,1.073379851,5.63249057,1.85283,1.448087,12.19203065,4.302682,1.242857
2022-03-01,Costa,CERVEZAS,31,1124,1707,12172.57,3592,3.457471148,0.05987376181,27,470,595,4609.05,1460,3.265642602,0.05324066404,1.058741439,7.13097247,2.104277,1.518683,7.74630252,2.453782,1.265957
2022-03-01,Costa,CERVEZAS,34,3750,6437,41320.99,12280,3.430085897,0.06488171748,28,597,712,5595.03,1816,3.298961999,0.09477744108,1.039747017,6.41929315,1.907721,1.716533,7.8581882,2.550562,1.19263
2022-03-01,Medellín,CERVEZAS,31,9424,15417,85782.17,26049,3.358312665,0.0543260677,27,2539,3055,18984.47,6071,3.199744646,0.07681344423,1.049556461,5.56412856,1.689628,1.63593,6.21422913,1.987234,1.20323
2022-04-01,Bogotá,CERVEZAS,38,26003,42473,279020.07,78506,3.626784831,0.07355137134,35,4678,5431,37225.28,10715,3.526876819,0.0728718714,1.028327616,6.56935159,1.848374,1.633388,6.85422206,1.972933,1.160966
2022-04-01,Bogotá,CERVEZAS,28,446,812,5699.01,1557,3.690739421,0.107923693,20,212,233,1737.81,513,3.425940798,0.06081062515,1.077292235,7.01848522,1.917488,1.820628,7.45841202,2.201717,1.099057
2022-04-01,Cali y Bucaramanga,CERVEZAS,39,2628,4355,27706.98,7430,3.759071082,0.06678010524,33,814,976,7021.37,2026,3.48202506,0.07908263956,1.079564626,6.36210792,1.706085,1.657154,7.19402664,2.07582,1.199017
2022-04-01,Cali y Bucaramanga,CERVEZAS,26,434,659,3971.28,1122,3.632948495,0.01111728277,23,302,349,2501.59,751,3.42512979,0.03265644564,1.060674695,6.02622155,1.70258,1.518433,7.16787966,2.151862,1.155629
2022-04-01,Costa,CERVEZAS,29,3859,6802,45626.2,12704,3.666032426,0.08773516365,25,556,642,4597.05,1373,3.450634967,0.08467733992,1.062422557,6.70776242,1.867686,1.762633,7.16051402,2.138629,1.154676
2022-04-01,Costa,CERVEZAS,29,1314,2076,15534.89,4186,3.761117089,0.06236777317,27,634,795,7024.02,2000,3.569941586,0.04430415084,1.053551437,7.48308767,2.016378,1.579909,8.83524528,2.515723,1.253943
2022-04-01,Medellín,CERVEZAS,31,10937,18513,110707.81,31255,3.600841743,0.062663607,29,2733,3288,22091.68,6397,3.462437964,0.08224965138,1.039972927,5.98000378,1.688273,1.692695,6.71888078,1.94556,1.203074
2022-05-01,Bogotá,CERVEZAS,25,417,709,5367.01,1435,3.817724408,0.1547602302,21,237,285,2350.02,654,3.605110376,0.06141264673,1.058975734,7.56983075,2.023977,1.70024,8.24568421,2.294737,1.202532
2022-05-01,Bogotá,CERVEZAS,42,25983,41588,296390.49,77121,3.901331356,0.08468754552,37,5089,5900,41493.45,11683,3.604672293,0.05410309126,1.082298483,7.12682721,1.854405,1.600585,7.03278814,1.980169,1.159363
2022-05-01,Cali y Bucaramanga,CERVEZAS,32,3016,5007,33691.77,8552,3.968726914,0.07707729305,28,838,1017,7536.34,2181,3.55906791,0.04835798818,1.115102891,6.72893349,1.708009,1.660146,7.41036382,2.144543,1.213604
2022-05-01,Cali y Bucaramanga,CERVEZAS,25,614,913,6219.71,1662,3.767792259,0.08390413447,23,401,462,3012.47,861,3.523250771,0.03878521151,1.069407914,6.81238773,1.820372,1.486971,6.52049784,1.863636,1.15212
2022-05-01,Costa,CERVEZAS,26,3760,6292,47864.04,11982,4.053699061,0.1086956872,24,619,715,5319.12,1526,3.623347268,0.05808810879,1.118771887,7.60712651,1.904323,1.673404,7.43932867,2.134266,1.155089
2022-05-01,Costa,CERVEZAS,22,1291,2006,16138.86,3922,4.151877802,0.1011079939,21,519,624,5560.78,1518,3.784804369,0.04353277396,1.096986105,8.04529412,1.955135,1.553834,8.91150641,2.432692,1.202312
2022-05-01,Medellín,CERVEZAS,9,16,17,103.27,27,3.838166667,0.05504038506,7,106,116,681.46,212,3.250870968,0.04727494028,1.180657954,6.07470588,1.588235,1.0625,5.87465517,1.827586,1.09434
2022-05-01,Medellín,CERVEZAS,38,12486,20977,135902.77,36266,3.781461486,0.08323729853,35,3104,3712,24004.9,6900,3.521317471,0.05099876536,1.073876899,6.47865615,1.728846,1.680042,6.46683728,1.858836,1.195876
2022-06-01,Bogotá,CERVEZAS,47,22578,36398,256199.28,67890,3.837705443,0.09252304323,41,5650,6864,55063.48,14968,3.776209514,0.1022583782,1.016285094,7.03882851,1.865212,1.6121,8.02206876,2.180653,1.214867
2022-06-01,Bogotá,CERVEZAS,21,428,691,5288.32,1376,3.90246222,0.1479078121,19,207,251,2114.04,596,3.596552148,0.08423280918,1.085056482,7.65314038,1.991317,1.614486,8.42247012,2.374502,1.21256
2022-06-01,Cali y Bucaramanga,CERVEZAS,26,711,1067,8043.77,2132,3.784347826,0.1323392445,23,423,554,5403.92,1660,3.457031168,0.06774625533,1.094681431,7.53867854,1.998126,1.500703,9.75436823,2.99639,1.309693
2022-06-01,Cali y Bucaramanga,CERVEZAS,27,2802,4686,31799.57,8142,3.946488722,0.08036382072,26,1008,1336,11770.63,3250,3.638437621,0.138275467,1.084665764,6.78607981,1.737516,1.672377,8.8103518,2.432635,1.325397
2022-06-01,Costa,CERVEZAS,22,3254,5439,40858.05,10415,3.986895154,0.1093935294,21,612,734,5989.27,1715,3.528930346,0.1041772073,1.129774397,7.51205185,1.914874,1.671481,8.15976839,2.336512,1.199346
2022-06-01,Costa,CERVEZAS,20,1613,2455,19675.43,5051,3.92653258,0.1079864759,18,601,787,7472.06,2182,3.481690913,0.1086503073,1.127765984,8.01443177,2.057434,1.522009,9.49435832,2.772554,1.309484
2022-06-01,Medellín,CERVEZAS,43,11878,20186,130493.21,35479,3.726121489,0.09257664547,39,3299,4094,28100.96,7796,3.659122795,0.09719030843,1.018310042,6.46454028,1.757604,1.699444,6.86393747,1.90425,1.240982
2022-06-01,Medellín,CERVEZAS,25,154,207,1160.94,319,3.659644445,0.08838242126,18,119,130,751.44,221,3.392623656,0.08711997077,1.07870628,5.6084058,1.541063,1.344156,5.78030769,1.7,1.092437
2022-07-01,Bogotá,CERVEZAS,49,27593,47138,353353.41,89679,4.017079524,0.08491269254,43,5535,6700,53320.8,14461,3.790594239,0.08328588104,1.059749282,7.49614769,1.902478,1.708332,7.95832836,2.158358,1.210479
2022-07-01,Bogotá,CERVEZAS,24,533,881,6636.95,1704,3.98656978,0.108331588,20,255,314,2552.75,688,3.802765016,0.08981447724,1.048334505,7.53342792,1.934166,1.652908,8.12977707,2.191083,1.231373
2022-07-01,Cali y Bucaramanga,CERVEZAS,28,3429,5807,40793.7,10126,4.061251397,0.08357008692,25,980,1281,10908.12,3063,3.719041807,0.1032333697,1.092015526,7.0249182,1.743758,1.693497,8.51531616,2.391101,1.307143
2022-07-01,Cali y Bucaramanga,CERVEZAS,26,824,1443,11192.81,2875,3.970135799,0.09977344301,25,453,646,8836.76,2781,3.528849576,0.06012069723,1.125051015,7.75662509,1.992377,1.751214,13.67919505,4.304954,1.426049
2022-07-01,Costa,CERVEZAS,21,2093,3440,28855.84,7131,4.094757037,0.09116590572,19,679,873,7988.28,2235,3.681155902,0.06491087119,1.112356321,8.38832558,2.072965,1.643574,9.15037801,2.560137,1.285714
2022-07-01,Costa,CERVEZAS,19,4323,7807,60142.11,15214,4.048004633,0.09326054481,18,732,878,7413.85,2110,3.602039365,0.1043327652,1.123809105,7.70361342,1.948764,1.805922,8.4440205,2.403189,1.199454
2022-07-01,Medellín,CERVEZAS,45,14241,25610,168727.21,44238,3.87921877,0.07749529843,41,3350,4169,31232.94,8498,3.771623501,0.1003879015,1.028527574,6.58833307,1.727372,1.798329,7.49171024,2.038379,1.244478
2022-07-01,Medellín,CERVEZAS,28,302,427,2407.29,653,3.747842672,0.05743987026,19,105,126,849.69,241,3.57881338,0.05624447684,1.047230541,5.6376815,1.529274,1.413907,6.74357143,1.912698,1.2
2022-08-01,Bogotá,CERVEZAS,27,532,856,7049.25,1734,4.15213959,0.1287123302,24,282,342,2981.66,743,3.999320141,0.0795691385,1.038211357,8.23510514,2.025701,1.609023,8.71830409,2.172515,1.212766
2022-08-01,Bogotá,CERVEZAS,47,28455,47828,397571.78,97667,4.128321994,0.09603430878,43,5561,6427,48192.97,12513,3.91596893,0.07508083449,1.054227464,8.31253199,2.042046,1.680829,7.49851719,1.946943,1.155727
2022-08-01,Cali y Bucaramanga,CERVEZAS,34,4076,6911,50697.14,12206,4.208541722,0.1014123932,31,941,1132,8275.83,2210,3.841978596,0.06259975383,1.095409986,7.33571697,1.76617,1.695535,7.31080389,1.952297,1.202976
2022-08-01,Cali y Bucaramanga,CERVEZAS,31,919,1591,14953.76,3813,4.072193851,0.1272388182,26,376,494,6397.79,1922,3.688762191,0.05177742527,1.103945888,9.3989692,2.396606,1.73123,12.9509919,3.890688,1.31383
2022-08-01,Costa,CERVEZAS,29,1935,3281,29603.07,7255,4.142583016,0.09255084702,26,588,732,6141.75,1666,3.81057529,0.03836695505,1.087127979,9.02257543,2.211216,1.695607,8.39036885,2.275956,1.244898
2022-08-01,Costa,CERVEZAS,26,4382,7801,63389.08,16285,4.043379225,0.1129448089,22,716,801,5854.25,1603,3.732547276,0.06064477026,1.083276092,8.12576336,2.087553,1.780237,7.30867665,2.001248,1.118715
2022-08-01,Medellín,CERVEZAS,29,339,488,3072.19,783,3.960018069,0.09538837317,20,117,131,817.25,234,3.592189845,0.03053198105,1.102396655,6.29547131,1.604508,1.439528,6.23854962,1.78626,1.119658
2022-08-01,Medellín,CERVEZAS,45,14198,25027,173264.48,44016,3.992724141,0.08391146107,41,3151,3769,25796.48,6881,3.793997425,0.06808214217,1.052379244,6.92310225,1.758741,1.762713,6.84438313,1.825683,1.196128
2022-09-01,Bogotá,CERVEZAS,51,31292,53596,478821.76,119435,4.176419872,0.1381458725,47,6023,7259,58464.69,15675,3.861229216,0.09434120966,1.081629616,8.9339085,2.228431,1.71277,8.05409698,2.159388,1.205213
2022-09-01,Bogotá,CERVEZAS,29,524,866,7565.72,1904,4.118018871,0.1681050753,28,263,342,2921.65,783,3.859593305,0.09023563888,1.066956683,8.73639723,2.198614,1.652672,8.54283626,2.289474,1.30038
2022-09-01,Cali y Bucaramanga,CERVEZAS,31,1227,2699,30969.72,8427,3.874580606,0.1650308978,27,503,712,8444.97,2535,3.641210042,0.06874131747,1.064091487,11.47451649,3.122268,2.199674,11.86091292,3.560393,1.415507
2022-09-01,Cali y Bucaramanga,CERVEZAS,32,4548,7811,57730.41,15482,4.041675737,0.1383180296,29,1005,1235,10074.93,2721,3.790908543,0.0846510211,1.066149629,7.39091154,1.982077,1.717458,8.15783806,2.203239,1.228856
2022-09-01,Costa,CERVEZAS,31,5045,8702,71667.72,17547,4.149554359,0.1512968446,28,952,1146,9020.8,2649,3.597297475,0.08916609362,1.153519938,8.23577568,2.016433,1.724876,7.87155323,2.311518,1.203782
2022-09-01,Costa,CERVEZAS,29,2047,3586,31089.5,8003,3.944801212,0.1450973556,28,648,818,6927.99,1967,3.638693359,0.07189769363,1.084125762,8.66968767,2.231735,1.751832,8.46942543,2.404645,1.262346
2022-09-01,Medellín,CERVEZAS,47,14743,25567,177796.38,45421,3.978434158,0.1398531659,43,3387,4037,27740.03,7526,3.769108337,0.0829726825,1.055537226,6.95413541,1.776548,1.734179,6.87144662,1.864256,1.19191
2022-09-01,Medellín,CERVEZAS,32,456,624,3996.07,1038,3.92470314,0.1547514031,25,131,152,907.11,278,3.352971801,0.06140511205,1.170514807,6.40395833,1.663462,1.368421,5.96782895,1.828947,1.160305
2022-10-01,Bogotá,CERVEZAS,49,34234,60307,529458.33,128359,4.220936221,0.141355391,47,5829,7805,70519.89,18572,3.941570727,0.09917761613,1.070876692,8.77938432,2.128426,1.761611,9.03521973,2.3795,1.338995
2022-10-01,Bogotá,CERVEZAS,30,541,890,7538.4,1832,4.25793389,0.170267305,27,264,311,2816.99,717,3.998975593,0.09178896743,1.064756159,8.47011236,2.058427,1.645102,9.05784566,2.305466,1.17803
2022-10-01,Cali y Bucaramanga,CERVEZAS,33,5092,9250,70279.22,16853,4.195815723,0.1457609383,31,1041,1264,10520.47,2771,3.868325306,0.08375668317,1.084659482,7.59775351,1.821946,1.816575,8.32315665,2.192247,1.214217
2022-10-01,Cali y Bucaramanga,CERVEZAS,25,1521,2896,30407.53,7695,4.058582118,0.1646218664,23,446,560,5062.69,1343,3.964562782,0.0562411253,1.023714932,10.49983771,2.657113,1.904011,9.04051786,2.398214,1.255605
2022-10-01,Costa,CERVEZAS,31,5188,9493,80755.29,18970,4.283250776,0.1516546026,31,932,1102,9929.25,2701,3.791610829,0.1059620258,1.129665192,8.50682503,1.998315,1.8298,9.01020871,2.450998,1.182403
2022-10-01,Costa,CERVEZAS,31,2322,4180,37072.72,9247,4.061894876,0.1413091507,31,657,849,7656.92,2156,3.719320448,0.06734265157,1.092106726,8.86907177,2.212201,1.800172,9.01875147,2.539458,1.292237
2022-10-01,Medellín,CERVEZAS,52,17033,30613,221536.06,53286,4.217663223,0.1375886988,49,2970,3575,25833.44,6860,3.915352687,0.07985560473,1.077211572,7.23666612,1.740633,1.797276,7.22613706,1.918881,1.203704
2022-10-01,Medellín,CERVEZAS,32,522,794,5244.1,1265,4.200867816,0.1473097601,23,115,134,967.19,270,3.645088803,0.04062705383,1.152473381,6.60465995,1.593199,1.521073,7.21783582,2.014925,1.165217
2022-11-01,Bogotá,CERVEZAS,55,35364,63270,636363.87,150372,4.414558999,0.1302772588,52,5828,8011,76198.85,18622,4.341478934,0.08304148978,1.016832988,10.05790849,2.376671,1.789108,9.51177756,2.324554,1.374571
2022-11-01,Bogotá,CERVEZAS,35,508,889,9137.27,2199,4.362579876,0.1688761085,30,258,314,2996.88,743,4.226973893,0.07181239061,1.032081102,10.27814398,2.473566,1.75,9.54420382,2.366242,1.217054
2022-11-01,Cali y Bucaramanga,CERVEZAS,33,4879,8508,64253.84,14973,4.339820168,0.1231252897,32,890,1103,9130.01,2284,4.258335099,0.06749884375,1.019135429,7.55216737,1.759873,1.7438,8.27743427,2.070716,1.239326
2022-11-01,Cali y Bucaramanga,CERVEZAS,31,1590,3573,46795.6,12128,4.010170858,0.1550623549,28,406,569,5878.74,1449,4.28838971,0.0756271815,0.9351227684,13.09700532,3.394346,2.24717,10.33170475,2.546573,1.401478
2022-11-01,Costa,CERVEZAS,32,2402,4153,39213.56,9023,4.524534487,0.1213733975,31,658,904,9215.16,2399,4.078234991,0.06816756531,1.109434473,9.4422249,2.172646,1.728976,10.19376106,2.653761,1.37386
2022-11-01,Costa,CERVEZAS,33,5086,8931,79047.3,17823,4.521884753,0.1315289033,32,942,1149,10556.87,2728,4.042584379,0.09260963421,1.118562862,8.85089016,1.995633,1.755997,9.18787641,2.374238,1.219745
2022-11-01,Expansión - Centro,CERVEZAS,6,16,19,126.74,32,4.076250001,0.1103741497,5,44,64,804.9,209,4.189761904,0.1581645198,0.972907314,6.67052632,1.684211,1.1875,12.5765625,3.265625,1.454545
2022-11-01,Expansión - Centro,CERVEZAS,1,4,5,34.32,8,4.29,0,1,8,10,61.16,13,4.787,0.07982648121,0.8961771464,6.864,1.6,1.25,6.116,1.3,1.25
2022-11-01,Medellín,CERVEZAS,35,542,784,5327.69,1271,4.247995732,0.0928354564,26,123,146,925.77,242,3.85210828,0.04316643612,1.102771631,6.79552296,1.621173,1.446494,6.34089041,1.657534,1.186992
2022-11-01,Medellín,CERVEZAS,46,17195,29777,224360.94,52451,4.331159586,0.1019304703,43,3116,3729,30612.77,7136,4.419000276,0.07371232406,0.9801220446,7.53470598,1.76146,1.731724,8.20937785,1.91365,1.196727
2022-12-01,Bogotá,CERVEZAS,51,43230,81970,927623.44,194184,4.890517603,0.1876449511,48,8272,10385,111841.97,25829,4.522457182,0.1133840607,1.081385054,11.3166212,2.368964,1.896137,10.76956861,2.487145,1.25544
2022-12-01,Bogotá,CERVEZAS,35,671,1188,14776.81,3115,4.897214565,0.2225131697,33,468,607,7183.43,1691,4.389365544,0.1129454605,1.11569987,12.43839226,2.622054,1.770492,11.83431631,2.785832,1.297009
2022-12-01,Cali y Bucaramanga,CERVEZAS,35,7633,13931,131372.17,29031,4.567496224,0.196098745,35,1907,2333,21879.77,5121,4.38622428,0.09083482317,1.041327559,9.43020386,2.083914,1.825102,9.37838405,2.195028,1.223388
2022-12-01,Cali y Bucaramanga,CERVEZAS,32,2977,5795,80758.95,17834,4.604265492,0.2053609842,28,761,1027,11723.88,2781,4.327371915,0.08560691711,1.063986545,13.93597066,3.077481,1.946591,11.41565725,2.707887,1.34954
2022-12-01,Costa,CERVEZAS,30,3353,6140,69740.59,14230,5.045831843,0.188383919,28,1071,1384,14914.72,3651,4.198092991,0.1006420722,1.201934272,11.35840228,2.31759,1.831196,10.77653179,2.638006,1.29225
2022-12-01,Costa,CERVEZAS,32,7895,15108,162346.76,32054,5.146583917,0.1946528551,32,1555,1957,22569.45,5375,4.295939489,0.1101015992,1.198011269,10.74574795,2.121657,1.913616,11.53267757,2.746551,1.258521
2022-12-01,Expansión - Centro,CERVEZAS,16,122,138,946.43,241,4.028880795,0,15,395,532,5641.53,1311,4.426113115,0.111335996,0.9102525602,6.85818841,1.746377,1.131148,10.6043797,2.464286,1.346835
2022-12-01,Expansión - Centro,CERVEZAS,15,80,90,657.18,162,4.186458763,0.01032430645,13,136,170,2032.74,493,4.272835219,0.1040479272,0.9797847444,7.302,1.8,1.125,11.95729412,2.9,1.25
2022-12-01,Expansión - Centro,CERVEZAS,19,220,318,3082.77,817,3.857502718,0.0122375037,15,206,273,2833.31,699,4.091713465,0.07641685055,0.9427597389,9.69424528,2.569182,1.445455,10.37842491,2.56044,1.325243
2022-12-01,Expansión - Costa,CERVEZAS,15,86,112,868.56,205,4.465633334,0,14,216,316,3850.84,856,4.766469596,0.1219972962,0.936884888,7.755,1.830357,1.302326,12.18620253,2.708861,1.462963
2022-12-01,Medellín,CERVEZAS,43,22905,42339,394335.6,82122,4.874917377,0.1760277376,38,4153,5082,47436.53,10927,4.502407205,0.1098364039,1.08273578,9.31376745,1.93963,1.848461,9.33422471,2.150138,1.223694
2022-12-01,Medellín,CERVEZAS,36,798,1215,10771.18,2291,4.767912255,0.1608747394,28,203,230,2130.96,516,4.219519141,0.1015818963,1.129965784,8.86516872,1.885597,1.522556,9.26504348,2.243478,1.133005
2023-01-01,Bogotá,CERVEZAS,48,17018,24510,261953.81,55484,4.819632822,0.1868010351,45,2026,2333,22892.85,5100,4.63035835,0.111498582,1.040876852,10.68762995,2.263729,1.44024,9.81262323,2.186027,1.15153
2023-01-01,Bogotá,CERVEZAS,33,258,364,3848.74,805,4.93530344,0.1936238245,25,119,160,1914.73,436,4.501078982,0.143526875,1.096471193,10.57346154,2.211538,1.410853,11.9670625,2.725,1.344538
2023-01-01,Cali y Bucaramanga,CERVEZAS,34,2720,3945,33768.55,7304,4.671939932,0.1827659473,32,468,537,4915.29,1136,4.417371281,0.1020733412,1.057628991,8.55983523,1.851458,1.450368,9.15324022,2.115456,1.147436
2023-01-01,Cali y Bucaramanga,CERVEZAS,31,1039,1565,19780.69,4390,4.616877166,0.1995731536,24,169,226,3001.79,670,4.38285091,0.113424366,1.053395897,12.63941853,2.805112,1.506256,13.28225664,2.964602,1.337278
2023-01-01,Costa,CERVEZAS,26,1755,2493,26964.68,5617,4.907111984,0.1787545359,24,408,465,4660.99,1067,4.481299775,0.09070863589,1.0950198,10.81615724,2.253109,1.420513,10.02363441,2.294624,1.139706
2023-01-01,Costa,CERVEZAS,34,3083,4526,45409.4,9342,4.973163905,0.1837610531,29,434,508,6005.69,1442,4.214922206,0.1291185554,1.179894589,10.03300928,2.064074,1.468051,11.82222441,2.838583,1.170507
2023-01-01,Expansión - Centro,CERVEZAS,19,53,62,402.23,97,4.311293532,0.02386840353,11,33,36,327.13,75,4.525663183,0.1271138769,0.9526324338,6.48758065,1.564516,1.169811,9.08694444,2.083333,1.090909
2023-01-01,Expansión - Centro,CERVEZAS,14,103,129,1172.01,324,3.704713333,0.003664299834,11,49,54,443.06,102,4.319181973,0.09487478055,0.85773495,9.08534884,2.511628,1.252427,8.20481481,1.888889,1.102041
2023-01-01,Expansión - Centro,CERVEZAS,18,80,90,632.72,147,4.426131667,0.02854573231,15,126,145,1391.37,293,4.892372143,0.1349389583,0.9047005292,7.03022222,1.633333,1.125,9.59565517,2.02069,1.150794
2023-01-01,Expansión - Costa,CERVEZAS,20,89,129,1167.36,294,4.496912935,0.06045321034,17,86,105,1405.11,320,4.54537796,0.1525643277,0.989337515,9.04930233,2.27907,1.449438,13.382,3.047619,1.22093
2023-01-01,Medellín,CERVEZAS,29,273,353,2784.6,612,4.625930591,0.163520698,17,58,67,668.97,148,4.445678404,0.09741078121,1.040545485,7.88838527,1.733711,1.29304,9.98462687,2.208955,1.155172
2023-01-01,Medellín,CERVEZAS,42,9602,13687,116011.59,24497,4.814908357,0.1675753647,37,1150,1258,10570.29,2308,4.608270877,0.1016750175,1.044840567,8.47604223,1.789801,1.425432,8.40245628,1.834658,1.093913
2023-02-01,Bogotá,CERVEZAS,40,508,869,8245.89,1764,4.770498428,0.148942139,37,255,327,3390.46,761,4.511406262,0.1008030335,1.057430466,9.48894131,2.029919,1.71063,10.3683792,2.327217,1.282353
2023-02-01,Bogotá,CERVEZAS,51,34666,60595,539017.15,115399,4.759837284,0.1351634905,49,4882,5901,51961.92,11632,4.590498226,0.07837400398,1.036889037,8.89540639,1.904431,1.747966,8.80561261,1.971191,1.208726
2023-02-01,Cali y Bucaramanga,CERVEZAS,30,1791,3094,32656.47,7320,4.619059575,0.1680125364,27,392,488,4479.9,1059,4.351684052,0.06722088359,1.061441851,10.55477376,2.365869,1.727527,9.18012295,2.170082,1.244898
2023-02-01,Cali y Bucaramanga,CERVEZAS,39,5129,9549,77320.63,16750,4.674072731,0.1319173737,37,1106,1360,11502.38,2659,4.435536288,0.07004586403,1.05377849,8.09724893,1.75411,1.861766,8.45763235,1.955147,1.229656
2023-02-01,Costa,CERVEZAS,38,5841,10474,103208.14,21643,4.868475483,0.1510739799,36,920,1100,11419.18,2676,4.396098303,0.09126637823,1.107453735,9.85374642,2.066355,1.793186,10.38107273,2.432727,1.195652
2023-02-01,Costa,CERVEZAS,29,2414,4057,39599.78,8314,4.869007556,0.1279140663,29,659,852,8378.73,1944,4.429732939,0.07612659745,1.099165034,9.76085285,2.049298,1.680613,9.83419014,2.28169,1.292868
2023-02-01,Expansión - Centro,CERVEZAS,21,251,432,3795.74,1008,3.864747433,0.1298935338,15,118,141,1133.09,261,4.364461369,0.1105565409,0.8855038702,8.78643519,2.333333,1.721116,8.03609929,1.851064,1.194915
2023-02-01,Expansión - Centro,CERVEZAS,20,184,301,2531.79,621,4.344743865,0.1386509243,16,93,107,766.28,187,4.083537295,0.08024688519,1.063965761,8.41126246,2.063123,1.63587,7.16149533,1.747664,1.150538
2023-02-01,Expansión - Centro,CERVEZAS,21,212,332,3788.24,922,4.351451114,0.1301497939,19,263,320,2513.39,542,4.688662155,0.09906126576,0.9280794756,11.41036145,2.777108,1.566038,7.85434375,1.69375,1.21673
2023-02-01,Expansión - Costa,CERVEZAS,22,300,647,6740.72,1858,3.923756864,0.1478117506,20,130,175,1421.59,292,5.215171402,0.09693996923,0.7523735198,10.41842349,2.871716,2.156667,8.12337143,1.668571,1.346154
2023-02-01,Medellín,CERVEZAS,44,17220,30937,246147.61,52652,4.730103774,0.1124488014,41,2661,3193,25003.48,5617,4.548008987,0.0609391323,1.040038352,7.95641497,1.70191,1.796574,7.83071719,1.759161,1.199925
2023-02-01,Medellín,CERVEZAS,28,299,407,3161.3,654,4.901438876,0.09842705704,20,142,167,1219.46,295,4.187417961,0.06481251841,1.170515798,7.76732187,1.60688,1.361204,7.30215569,1.766467,1.176056
2023-03-01,Bogotá,CERVEZAS,37,538,887,8430.35,1755,4.867718792,0.211844274,35,275,362,3531.44,803,4.504418027,0.1451184043,1.080654318,9.50434047,1.978579,1.648699,9.75535912,2.218232,1.316364
2023-03-01,Bogotá,CERVEZAS,55,37210,66899,578685.04,124524,4.741390198,0.1732182739,51,5741,6959,56901.63,13343,4.426180609,0.1254138521,1.071214805,8.6501299,1.861373,1.797877,8.17669636,1.917373,1.212158
2023-03-01,Cali y Bucaramanga,CERVEZAS,37,1569,2946,27564.08,6591,4.223572746,0.1100182649,31,474,597,4656.87,1166,4.136803968,0.09807802039,1.020974834,9.35644263,2.237271,1.877629,7.80045226,1.953099,1.259494
2023-03-01,Cali y Bucaramanga,CERVEZAS,39,5560,10309,84610.65,18236,4.694526456,0.1882051371,38,1132,1393,11155.82,2689,4.324370557,0.09834932267,1.085597636,8.20745465,1.76894,1.854137,8.00848528,1.930366,1.230565
2023-03-01,Costa,CERVEZAS,39,5436,9962,94576.67,19422,4.959439907,0.2009825273,38,875,1048,9729.12,2392,4.22900523,0.1078963805,1.172720211,9.49374322,1.949609,1.832597,9.28351145,2.282443,1.197714
2023-03-01,Costa,CERVEZAS,34,2620,4782,46951.78,9965,4.795537582,0.1938719904,32,748,977,9420.92,2316,4.224553356,0.1056735184,1.135158484,9.81843998,2.083856,1.825191,9.64270215,2.370522,1.30615
2023-03-01,Expansión - Centro,CERVEZAS,22,192,287,2225.97,570,4.114583861,0.0313217925,18,103,130,1225.15,293,4.206231329,0.05925263711,0.9782115007,7.75599303,1.986063,1.494792,9.42423077,2.253846,1.262136
2023-03-01,Expansión - Centro,CERVEZAS,19,169,235,1620.64,364,4.47476573,0.04671632641,18,270,368,3029.79,726,4.312208844,0.1159406885,1.037696895,6.89634043,1.548936,1.390533,8.233125,1.972826,1.362963
2023-03-01,Expansión - Centro,CERVEZAS,21,133,213,1541.11,368,4.287832602,0.08220731823,16,124,155,1102.07,257,4.449545338,0.1147033923,0.9636563462,7.23525822,1.7277,1.601504,7.11012903,1.658065,1.25
2023-03-01,Expansión - Costa,CERVEZAS,25,233,381,3274.75,705,4.784798606,0.04705684917,21,156,235,2036.3,500,4.287372765,0.06836200283,1.116021132,8.59514436,1.850394,1.635193,8.66510638,2.12766,1.50641
2023-03-01,Medellín,CERVEZAS,46,18252,33615,269536.88,57935,4.706258869,0.1638818034,44,3418,4245,33199.09,7674,4.435648105,0.1108306839,1.061008168,8.01835133,1.723487,1.841716,7.82075147,1.807774,1.241954
2023-04-01,Bogotá,CERVEZAS,39,570,871,8037.16,1683,4.870926003,0.1533294061,35,276,335,3180.54,686,4.726898128,0.1016459012,1.03046985,9.22750861,1.932262,1.52807,9.49414925,2.047761,1.213768
2023-04-01,Bogotá,CERVEZAS,50,37944,66244,566018.63,121112,4.756663575,0.1361884009,50,4878,5765,47660.26,10703,4.563461355,0.1011585811,1.042336771,8.54445127,1.828271,1.745836,8.26717433,1.856548,1.181837
2023-04-01,Cali y Bucaramanga,CERVEZAS,37,2326,3853,33068.33,7215,4.68551229,0.1583727879,32,385,475,3753.48,863,4.411795046,0.1001506348,1.062042149,8.58248897,1.872567,1.656492,7.90206316,1.816842,1.233766
2023-04-01,Cali y Bucaramanga,CERVEZAS,36,6456,11815,94025.05,20230,4.718816456,0.1384811516,36,1077,1286,9720.89,2280,4.31195849,0.08764548616,1.094355724,7.95810834,1.71223,1.830081,7.55901244,1.772939,1.194058
2023-04-01,Costa,CERVEZAS,39,5966,10619,95659.79,19825,4.937104284,0.1417631227,38,864,1037,9648.09,2180,4.551644162,0.1265929218,1.084685909,9.00836143,1.866937,1.77992,9.30384764,2.102218,1.200231
2023-04-01,Costa,CERVEZAS,36,3194,5607,52324.31,11270,4.727888345,0.1644676149,36,853,1080,10119.21,2355,4.418688835,0.1006901413,1.069975398,9.33196183,2.009988,1.755479,9.36963889,2.180556,1.26612
2023-04-01,Expansión - Centro,CERVEZAS,25,272,421,3407.81,777,4.533202509,0.05073379197,18,101,130,1242.96,307,4.172501266,0.06870662002,1.086447246,8.09456057,1.845606,1.547794,9.56123077,2.361538,1.287129
2023-04-01,Expansión - Centro,CERVEZAS,22,208,313,2370.09,502,4.834048695,0.09381372314,17,106,125,1019.8,217,4.717549425,0.09846948718,1.02469487,7.57217252,1.603834,1.504808,8.1584,1.736,1.179245
2023-04-01,Expansión - Centro,CERVEZAS,25,294,410,3006.66,635,4.735389908,0.06219198565,22,282,373,2982.85,665,4.602647746,0.08399686325,1.028840391,7.33331707,1.54878,1.394558,7.99691689,1.782842,1.322695
2023-04-01,Expansión - Costa,CERVEZAS,25,335,556,4959.81,1060,4.794593768,0.0630894665,22,191,281,2671.66,590,4.63414789,0.1642499783,1.03462252,8.92052158,1.906475,1.659701,9.50768683,2.099644,1.471204
2023-04-01,Medellín,CERVEZAS,47,18112,31831,247228.73,53970,4.624996038,0.1242406061,46,3057,3727,28356.14,6354,4.514503706,0.08218239541,1.024474967,7.76691684,1.695517,1.757454,7.60830158,1.704856,1.219169
2023-05-01,Bogotá,CERVEZAS,52,37881,65760,525906.47,117405,4.555950199,0.1324394813,51,5467,6622,54396,12553,4.427042001,0.1122672976,1.029118359,7.99736116,1.785356,1.735963,8.21443673,1.895651,1.211268
2023-05-01,Bogotá,CERVEZAS,40,557,861,7562.53,1623,4.709527019,0.1723714879,35,264,328,3097.05,688,4.559204563,0.1231100095,1.032971202,8.78342625,1.885017,1.545781,9.44222561,2.097561,1.242424
2023-05-01,Cali y Bucaramanga,CERVEZAS,36,2228,3567,27446.57,6129,4.535700033,0.1848571987,34,390,500,4083.5,960,4.326550555,0.08212993009,1.04834093,7.69458088,1.718251,1.600987,8.167,1.92,1.282051
2023-05-01,Cali y Bucaramanga,CERVEZAS,37,6773,12088,89525.63,20445,4.434820344,0.1526011726,37,1169,1451,11631.3,2726,4.309477047,0.09494979628,1.029085501,7.40615735,1.691347,1.784734,8.01605789,1.878704,1.241232
2023-05-01,Costa,CERVEZAS,36,2853,4813,42915.55,9354,4.627798979,0.1386041217,35,790,989,8717.38,2021,4.385047419,0.08965191867,1.055358936,8.91659048,1.943486,1.686996,8.81433771,2.043478,1.251899
2023-05-01,Costa,CERVEZAS,40,6171,12075,104419.94,23460,4.562911602,0.1197932425,40,877,1088,10117.76,2321,4.361794605,0.1121731435,1.046108773,8.64761408,1.942857,1.956733,9.29941176,2.133272,1.240593
2023-05-01,Expansión - Centro,CERVEZAS,26,304,485,3976.34,944,4.36366272,0.09474983094,24,147,189,1862.54,450,4.25799493,0.08075156276,1.024816326,8.19863918,1.946392,1.595395,9.85470899,2.380952,1.285714
2023-05-01,Expansión - Centro,CERVEZAS,28,289,439,3724.38,763,4.855708935,0.1199426276,26,288,431,3547.12,816,4.491579999,0.1103482799,1.081069231,8.48378132,1.738041,1.519031,8.2299768,1.893271,1.496528
2023-05-01,Expansión - Centro,CERVEZAS,24,273,447,3209.3,690,4.638255066,0.1474760326,19,132,170,1288.5,304,4.299940289,0.09531054003,1.078678948,7.17964206,1.543624,1.637363,7.57941176,1.788235,1.287879
2023-05-01,Expansión - Costa,CERVEZAS,26,368,676,5413.41,1168,4.668859612,0.1276505923,24,172,255,2351.72,571,4.25081322,0.1218365357,1.098345039,8.00800296,1.727811,1.836957,9.22243137,2.239216,1.482558
2023-05-01,Medellín,CERVEZAS,46,17967,31576,226431.41,51909,4.404182325,0.1017322221,43,3424,4328,33263.83,7946,4.228125176,0.1027930998,1.041639531,7.17099728,1.643938,1.757444,7.68572782,1.835952,1.264019
2023-06-01,Bogotá,CERVEZAS,54,39904,69378,582028.87,125648,4.708252251,0.1074879954,50,5691,6929,57555.31,13617,4.37302745,0.07794889199,1.076657374,8.38924256,1.811064,1.738623,8.30643816,1.965219,1.217536
2023-06-01,Bogotá,CERVEZAS,43,563,876,8000.19,1711,4.820847969,0.1282692468,37,281,369,3511.3,801,4.444619883,0.1016943759,1.084647978,9.13263699,1.953196,1.55595,9.51571816,2.170732,1.313167
2023-06-01,Cali y Bucaramanga,CERVEZAS,38,2254,3690,29893.5,6679,4.524025669,0.1579231359,34,490,586,4673.22,1139,4.240357555,0.05873759708,1.066897216,8.10121951,1.810027,1.63709,7.97477816,1.943686,1.195918
2023-06-01,Cali y Bucaramanga,CERVEZAS,38,7001,12578,96239.43,21431,4.537094905,0.1219480331,37,1325,1651,13395.98,3189,4.251386064,0.08150963013,1.067203692,7.6514096,1.703848,1.7966,8.11385827,1.931557,1.246038
2023-06-01,Costa,CERVEZAS,37,3040,5287,45790.73,10024,4.635722027,0.08521667163,37,810,1035,9825.03,2314,4.399461282,0.07488334053,1.053702199,8.66100435,1.895971,1.739145,9.49278261,2.235749,1.277778
2023-06-01,Costa,CERVEZAS,41,6699,12194,103363.2,23311,4.51848414,0.08683475444,40,832,971,8131.57,1951,4.242628798,0.07192689943,1.06501991,8.47656224,1.911678,1.820272,8.37442842,2.009269,1.167067
2023-06-01,Expansión - Centro,CERVEZAS,27,393,619,5492.4,1266,4.446255246,0.0378345801,22,140,188,1881.12,452,4.197205238,0.07279953682,1.059337105,8.873021,2.045234,1.575064,10.00595745,2.404255,1.342857
2023-06-01,Expansión - Centro,CERVEZAS,26,232,356,2416.69,568,4.318517721,0.06558689482,21,137,169,1235.6,292,4.282283985,0.05005909171,1.008461311,6.78845506,1.595506,1.534483,7.3112426,1.727811,1.233577
2023-06-01,Expansión - Centro,CERVEZAS,28,287,395,2925.28,626,4.686791192,0.07486112792,25,325,437,3748.01,842,4.456536426,0.106554477,1.051666753,7.40577215,1.58481,1.376307,8.57668192,1.926773,1.344615
2023-06-01,Expansión - Costa,CERVEZAS,26,363,657,5449.59,1204,4.623616472,0.05353974119,22,228,338,3448.36,823,4.274328097,0.1394058243,1.081717727,8.29465753,1.832572,1.809917,10.20224852,2.434911,1.482456
2023-06-01,Medellín,CERVEZAS,50,19008,33513,248894.95,55542,4.517918725,0.07815642784,47,3328,4147,32758.91,7631,4.307031894,0.07548486587,1.048963378,7.42681795,1.657327,1.7631,7.89942368,1.840125,1.246094
2023-07-01,Bogotá,CERVEZAS,53,36128,61669,500426.2,107742,4.715774814,0.09006335763,48,4835,5640,42837.44,9936,4.410186967,0.04889162248,1.069291359,8.11471242,1.747101,1.706959,7.59529078,1.761702,1.166494
2023-07-01,Bogotá,CERVEZAS,40,555,881,7737.18,1634,4.758486693,0.1571778164,37,235,304,2677.08,608,4.461216091,0.05136111894,1.066634433,8.78227015,1.854711,1.587387,8.80618421,2,1.293617
2023-07-01,Cali y Bucaramanga,CERVEZAS,35,2118,3683,32595.44,7266,4.574616234,0.1333973315,32,379,475,3640.35,916,4.114764898,0.01399471804,1.111756406,8.85024165,1.972848,1.738905,7.66389474,1.928421,1.253298
2023-07-01,Cali y Bucaramanga,CERVEZAS,36,6985,12657,96944.06,21549,4.547190519,0.1011083818,35,1178,1472,11250.36,2669,4.278052849,0.05338074354,1.062911254,7.65932369,1.702536,1.812026,7.64290761,1.813179,1.249576
2023-07-01,Costa,CERVEZAS,40,6336,11677,98696.86,21427,4.690969176,0.08499696356,39,788,965,8800.39,2117,4.238208649,0.06046402011,1.106828277,8.45224458,1.834975,1.842961,9.11957513,2.193782,1.224619
2023-07-01,Costa,CERVEZAS,39,2996,5276,46304.67,9969,4.720858151,0.07218135297,38,899,1175,10778,2530,4.37415805,0.05656505032,1.079260991,8.77647271,1.8895,1.761015,9.17276596,2.153191,1.307008
2023-07-01,Expansión - Centro,CERVEZAS,23,422,696,6116.23,1491,4.227663985,0.03990936632,19,114,133,1002.06,237,4.349598173,0.02438302495,0.9719665625,8.78768678,2.142241,1.649289,7.53428571,1.781955,1.166667
2023-07-01,Expansión - Centro,CERVEZAS,26,290,445,3270.01,774,4.326003451,0.03931959534,21,119,141,981.92,244,4.138751609,0.05001141681,1.045243556,7.34833708,1.739326,1.534483,6.96397163,1.730496,1.184874
2023-07-01,Expansión - Centro,CERVEZAS,27,320,447,3297.46,755,4.451895333,0.01639960614,22,236,311,2353.39,542,4.375926961,0.06644663531,1.017360521,7.37686801,1.689038,1.396875,7.56717042,1.742765,1.317797
2023-07-01,Expansión - Costa,CERVEZAS,25,352,667,5373.37,1220,4.50385393,0.03160056414,20,139,215,1668.44,406,4.239118488,0.04286296098,1.062450588,8.05602699,1.829085,1.894886,7.76018605,1.888372,1.546763
2023-07-01,Medellín,CERVEZAS,43,17455,30666,225244.49,49466,4.589043024,0.07321114113,41,2898,3575,25429.33,6153,4.180353073,0.05746370823,1.097764458,7.3450887,1.613057,1.75686,7.1130993,1.721119,1.233609
2023-08-01,Bogotá,CERVEZAS,48,35268,59914,481570.45,102677,4.772239466,0.1054566154,44,5088,5963,46610.29,10660,4.425076935,0.06559905014,1.078453445,8.03769486,1.71374,1.69882,7.81658393,1.787691,1.171973
2023-08-01,Bogotá,CERVEZAS,41,596,914,8069.35,1716,4.752790744,0.1693402909,32,218,278,2899.95,614,4.736478034,0.07326280308,1.003444059,8.8286105,1.877462,1.533557,10.43147482,2.208633,1.275229
2023-08-01,Cali y Bucaramanga,CERVEZAS,36,2064,3475,30040.64,6458,4.728591027,0.1874250122,33,365,910,5058.36,1230,4.087723855,0.01762691773,1.15677849,8.64478849,1.858417,1.683624,5.55863736,1.351648,2.493151
2023-08-01,Cali y Bucaramanga,CERVEZAS,36,6797,12033,93037.38,20028,4.699569909,0.1310189101,35,1225,1496,11860.86,2765,4.385158269,0.04868762761,1.071699041,7.73185241,1.664423,1.77034,7.92838235,1.848262,1.221224
2023-08-01,Costa,CERVEZAS,39,6571,13307,98239.68,21494,4.637584376,0.1114152228,38,962,1206,9944.28,2429,4.172938844,0.04968317271,1.111347314,7.38255655,1.61524,2.02511,8.24567164,2.014096,1.253638
2023-08-01,Costa,CERVEZAS,39,2723,4719,40769.67,8955,4.619476839,0.103632729,38,749,968,8863.9,2084,4.354735133,0.04783148829,1.060793986,8.63947235,1.897648,1.733015,9.15692149,2.152893,1.29239
2023-08-01,Expansión - Centro,CERVEZAS,27,437,568,4142.34,916,4.529584276,0.1939838694,24,269,337,2531.03,562,4.500552221,0.06663260054,1.006450776,7.29285211,1.612676,1.299771,7.51047478,1.667656,1.252788
2023-08-01,Expansión - Centro,CERVEZAS,24,375,540,3577.2,815,4.470762369,0.2225407294,18,111,134,1109.49,255,4.387522676,0.04726441572,1.018971912,6.62444444,1.509259,1.44,8.27977612,1.902985,1.207207
2023-08-01,Expansión - Centro,CERVEZAS,26,482,747,5738.3,1366,4.291094425,0.1274172746,19,112,132,1060.72,253,4.272170772,0.02643744085,1.004429517,7.68179384,1.828648,1.549793,8.03575758,1.916667,1.178571
2023-08-01,Expansión - Costa,CERVEZAS,27,508,852,6427.99,1444,4.524235489,0.1896817695,26,153,225,1958.19,441,4.499997938,0.09787902555,1.005386125,7.5445892,1.694836,1.677165,8.70306667,1.96,1.470588
2023-08-01,Medellín,CERVEZAS,43,18349,32223,240220.54,52784,4.591642404,0.1064486857,42,3063,3803,28208.78,6567,4.332973165,0.06152219766,1.059697863,7.45494026,1.638085,1.756117,7.41750723,1.726795,1.241593
2023-09-01,Bogotá,CERVEZAS,40,586,915,8327.51,1745,4.814283203,0.1292091229,33,279,353,3488.27,777,4.617811276,0.1260789743,1.042546548,9.10110383,1.907104,1.561433,9.8817847,2.201133,1.265233
2023-09-01,Bogotá,CERVEZAS,46,38591,66518,545105.84,115626,4.794224343,0.1092950455,45,5658,6834,57615.02,13050,4.462708589,0.1283458921,1.074285772,8.19486214,1.738266,1.723666,8.43064384,1.90957,1.207847
2023-09-01,Cali y Bucaramanga,CERVEZAS,35,2009,3521,29589.99,6433,4.685342639,0.1051012423,33,468,1445,8206.87,2004,4.053711785,0.05061530465,1.155815432,8.4038597,1.827038,1.752613,5.67949481,1.386851,3.087607
2023-09-01,Cali y Bucaramanga,CERVEZAS,36,6671,12091,93223.35,19946,4.723571117,0.1244023417,36,1362,1760,14769.32,3438,4.378267545,0.1049813626,1.078867627,7.71014391,1.649657,1.812472,8.39165909,1.953409,1.292217
2023-09-01,Costa,CERVEZAS,35,7902,14529,126477.19,27743,4.634260446,0.1175193415,35,1253,1871,15139.17,3654,4.190843426,0.1082983408,1.105806153,8.70515452,1.909491,1.838648,8.09148584,1.952966,1.493216
2023-09-01,Costa,CERVEZAS,34,2812,5386,46945.98,10208,4.660951016,0.1087273514,34,804,995,9656.59,2254,4.363189255,0.1048342251,1.068244063,8.71629781,1.895284,1.915363,9.70511558,2.265327,1.237562
2023-09-01,Expansión - Centro,CERVEZAS,25,431,697,5190.01,1245,4.243302575,0.06539620225,20,141,183,1522.34,368,4.149061737,0.08151005071,1.022713771,7.44621234,1.786227,1.617169,8.31879781,2.010929,1.297872
2023-09-01,Expansión - Centro,CERVEZAS,26,430,583,4266.87,940,4.557501534,0.05742346344,25,296,412,3415.44,756,4.496882804,0.1140775857,1.013480167,7.31881647,1.61235,1.355814,8.28990291,1.834951,1.391892
2023-09-01,Expansión - Centro,CERVEZAS,21,290,417,2747.13,641,4.280668142,0.05769747067,19,121,141,1039,228,4.510817302,0.08817194777,0.9489783903,6.58784173,1.53717,1.437931,7.36879433,1.617021,1.165289
2023-09-01,Expansión - Costa,CERVEZAS,26,522,873,6705.12,1486,4.59967964,0.06157986724,25,188,280,2555,617,4.306459913,0.1143860976,1.068088345,7.68054983,1.702176,1.672414,9.125,2.203571,1.489362
2023-09-01,Medellín,CERVEZAS,40,18871,33292,248596.83,54484,4.594968883,0.1103238845,39,3147,3830,27911.61,6567,4.287153775,0.09345768178,1.071799409,7.46716418,1.636549,1.764188,7.28762663,1.714621,1.217032
2023-10-01,Bogotá,CERVEZAS,50,36762,62380,541559.68,117187,4.681250967,0.1370852688,46,5372,6594,54827.41,12401,4.51098152,0.1155910922,1.037745543,8.6816236,1.878599,1.696861,8.31474219,1.880649,1.227476
2023-10-01,Bogotá,CERVEZAS,41,718,1143,14226.99,3124,4.61716105,0.1430208831,35,290,370,3593.52,802,4.588799287,0.1060114228,1.00618065,12.44706037,2.733158,1.591922,9.71221622,2.167568,1.275862
2023-10-01,Cali y Bucaramanga,CERVEZAS,38,5769,10315,82054.7,17607,4.730862836,0.1437153077,35,1112,1394,10942.93,2681,4.213596003,0.08275883969,1.122761374,7.95489094,1.706932,1.788005,7.85002152,1.923242,1.253597
2023-10-01,Cali y Bucaramanga,CERVEZAS,34,2103,3628,30974.5,6885,4.566701162,0.1463934041,29,812,1285,8875.11,2194,4.039685537,0.0251534676,1.130459567,8.53762404,1.89774,1.725155,6.90670039,1.707393,1.582512
2023-10-01,Costa,CERVEZAS,37,9502,20212,223185.51,47893,4.719105569,0.1314497375,36,1337,2295,19715.45,4806,4.145523877,0.07797050806,1.138361691,11.04222788,2.369533,2.127131,8.59061002,2.094118,1.71653
2023-10-01,Costa,CERVEZAS,39,3022,7164,57020.99,12658,4.538736518,0.1485847486,36,798,994,9166.67,2161,4.339136908,0.1016023082,1.045999842,7.95937884,1.76689,2.370615,9.22200201,2.174044,1.245614
2023-10-01,Expansión - Centro,CERVEZAS,25,229,374,2522.35,584,4.419915648,0.03970223175,19,97,120,918.81,204,4.491650555,0.09472430866,0.984029277,6.74425134,1.561497,1.633188,7.65675,1.7,1.237113
2023-10-01,Expansión - Centro,CERVEZAS,26,340,465,3238.13,731,4.474520915,0.04823788015,24,271,386,2905.84,650,4.49570884,0.0946587895,0.995287078,6.96372043,1.572043,1.367647,7.5280829,1.683938,1.424354
2023-10-01,Expansión - Centro,CERVEZAS,26,411,706,5062.93,1231,4.172388255,0.03933223904,20,109,138,1151.4,284,4.109761905,0.05377141649,1.015238438,7.17128895,1.743626,1.717762,8.34347826,2.057971,1.266055
2023-10-01,Expansión - Costa,CERVEZAS,24,398,683,5521.7,1255,4.484249653,0.03948626211,22,188,268,2525.55,606,4.192080568,0.1112188453,1.069695484,8.08448023,1.837482,1.71608,9.42369403,2.261194,1.425532
2023-10-01,Medellín,CERVEZAS,40,15700,27112,203624.68,43761,4.702868378,0.1241846637,39,2765,3333,24310.93,5581,4.417386934,0.07859327918,1.064626769,7.51050015,1.614082,1.726879,7.2940084,1.674467,1.205425
2023-11-01,Bogotá,CERVEZAS,40,545,901,7224.07,1601,4.596585787,0.02496916463,34,289,364,3746.5,860,4.489347958,0.116672513,1.023887172,8.01783574,1.776915,1.653211,10.29258242,2.362637,1.259516
2023-11-01,Bogotá,CERVEZAS,52,35947,61766,500211.61,109058,4.651402308,0.07471693855,50,6435,8226,69870.57,16366,4.352979429,0.1295322084,1.068556005,8.09849448,1.765664,1.718252,8.49386944,1.989545,1.278322
2023-11-01,Cali y Bucaramanga,CERVEZAS,36,1792,3141,24795.88,5601,4.471983117,0.07748713923,33,707,1089,9365.12,2298,4.107034918,0.1030951334,1.088859288,7.89426297,1.78319,1.75279,8.59974288,2.110193,1.540311
2023-11-01,Cali y Bucaramanga,CERVEZAS,39,5324,9484,70473.95,15317,4.641498533,0.06852650802,35,1327,1789,14605.2,3463,4.252133635,0.1098113379,1.091569299,7.4308256,1.615036,1.781367,8.16389044,1.935718,1.348154
2023-11-01,Costa,CERVEZAS,39,3029,8835,63587.03,14147,4.509705147,0.07048209328,37,1041,1468,14508.68,3474,4.262177093,0.1098018546,1.058075497,7.19717374,1.601245,2.916804,9.883297,2.366485,1.410183
2023-11-01,Costa,CERVEZAS,38,7624,14659,129087.42,28455,4.59925929,0.06252906024,36,1252,2060,16847.82,4225,4.007325475,0.1042692076,1.147712937,8.80601815,1.941128,1.922744,8.1785534,2.050971,1.645367
2023-11-01,Expansión - Centro,CERVEZAS,26,316,456,3162.45,705,4.521447351,0.003665815069,23,345,467,3849.36,855,4.491316657,0.1219572021,1.006708655,6.93519737,1.546053,1.443038,8.2427409,1.830835,1.353623
2023-11-01,Expansión - Centro,CERVEZAS,24,225,345,2378.32,546,4.395214674,0.004335474308,16,100,131,1008.55,233,4.375900493,0.1185687301,1.004413762,6.89368116,1.582609,1.533333,7.69885496,1.778626,1.31
2023-11-01,Expansión - Centro,CERVEZAS,27,356,532,3993.75,977,4.130897001,0.006147587596,21,153,200,1851.82,463,3.996424141,0.1128709845,1.033648295,7.50704887,1.836466,1.494382,9.2591,2.315,1.30719
2023-11-01,Expansión - Costa,CERVEZAS,23,369,669,5531.2,1212,4.669562179,0.0103963006,19,183,333,3201.47,772,4.190336565,0.1174620674,1.114364468,8.26786248,1.811659,1.813008,9.61402402,2.318318,1.819672
2023-11-01,Medellín,CERVEZAS,41,16165,27250,198347.64,43646,4.583775461,0.05861776566,40,4082,5119,40530.48,9360,4.370198222,0.1013735734,1.048871293,7.27881248,1.601688,1.685741,7.91765579,1.828482,1.254042
2023-12-01,Bogotá,CERVEZAS,42,802,1464,14109.79,2987,4.853676477,0.1162497652,34,378,513,5469.33,1237,4.546596235,0.1350085386,1.067540689,9.6378347,2.040301,1.825436,10.66146199,2.411306,1.357143
2023-12-01,Bogotá,CERVEZAS,51,42978,74631,656972.08,140839,4.759299132,0.09912439797,47,7100,8826,87804.15,19675,4.52409311,0.143417801,1.051989651,8.80293819,1.887138,1.736493,9.94835146,2.229209,1.243099
2023-12-01,Cali y Bucaramanga,CERVEZAS,34,8555,15500,130305,27894,4.716145273,0.1058261315,33,1931,2585,25458.02,5928,4.392819433,0.1250469476,1.073603262,8.40677419,1.799613,1.811806,9.84836364,2.29323,1.338685
2023-12-01,Cali y Bucaramanga,CERVEZAS,34,2676,4747,42511.32,9390,4.60109824,0.109896044,29,938,1576,16141.18,3783,4.280648444,0.1302101211,1.074860106,8.95540763,1.978091,1.773916,10.24186548,2.400381,1.680171
2023-12-01,Costa,CERVEZAS,37,4526,9472,86134.09,18811,4.624972082,0.1224053441,36,1410,1816,18503.51,4247,4.40766556,0.1144325089,1.049301953,9.09354835,1.985959,2.092797,10.18915749,2.338656,1.287943
2023-12-01,Costa,CERVEZAS,39,8816,17536,161051.04,34945,4.71951285,0.1103526568,37,1689,2201,22495.35,5240,4.386349995,0.1190098279,1.075954462,9.18402372,1.992758,1.989111,10.2205134,2.380736,1.303138
2023-12-01,Expansión - Centro,CERVEZAS,26,439,616,4420.67,996,4.489140466,0.004008765324,25,530,756,7769.89,1635,4.710054538,0.14663226,0.9530973431,7.17641234,1.616883,1.403189,10.27763228,2.162698,1.426415
2023-12-01,Expansión - Centro,CERVEZAS,25,588,880,7597.17,1777,4.432518163,0.008128176589,23,226,291,3045.93,735,4.15990951,0.1370676772,1.065532352,8.63314773,2.019318,1.496599,10.4671134,2.525773,1.287611
2023-12-01,Expansión - Centro,CERVEZAS,24,379,524,3811.89,860,4.515029151,0.01083917797,17,181,235,2265.49,513,4.399044872,0.1307267926,1.026365787,7.27459924,1.641221,1.382586,9.64038298,2.182979,1.298343
2023-12-01,Expansión - Costa,CERVEZAS,25,592,1098,10021.42,2236,4.601509905,0.002772946523,25,350,683,9243.58,2197,4.293258446,0.1432290632,1.071798952,9.12697632,2.03643,1.85473,13.53379209,3.216691,1.951429
2023-12-01,Medellín,CERVEZAS,39,20918,36848,302597.23,63908,4.78486024,0.09402921806,36,4843,6092,53716.97,12236,4.456016081,0.1225697004,1.073797795,8.21203946,1.734368,1.761545,8.81762475,2.008536,1.257898
2024-01-01,Bogotá,CERVEZAS,37,624,1042,9735.55,1996,4.932691422,0.1004880652,30,232,301,2718.53,611,4.55900874,0.04744459433,1.081965774,9.3431382,1.915547,1.669872,9.03166113,2.0299,1.297414
2024-01-01,Bogotá,CERVEZAS,48,30647,51495,428688.09,89444,4.877120969,0.09532361124,42,3910,4666,34678.25,7967,4.439718274,0.03639068213,1.098520372,8.32484882,1.736945,1.680262,7.4321153,1.707458,1.19335
2024-01-01,Cali y Bucaramanga,CERVEZAS,35,5889,10753,82261.7,17770,4.686929227,0.0909299023,31,1116,1384,10431.49,2522,4.239241832,0.03573672996,1.105605534,7.65011625,1.652562,1.825947,7.53720376,1.822254,1.240143
2024-01-01,Cali y Bucaramanga,CERVEZAS,32,1884,3215,27157.98,5908,4.677397763,0.09290513781,28,374,955,5877.03,1411,4.23342247,0.01515080736,1.104873845,8.44727216,1.837636,1.706476,6.15395812,1.477487,2.553476
2024-01-01,Costa,CERVEZAS,38,3746,6369,62661.19,13294,4.792515096,0.09384625217,34,854,1037,9514.14,2253,4.320473189,0.03438354345,1.109256993,9.83846601,2.087298,1.700214,9.17467695,2.172613,1.214286
2024-01-01,Costa,CERVEZAS,38,5891,10750,92660.23,19953,4.770740468,0.09763309963,35,781,972,8012.74,1968,4.16617549,0.04244178166,1.145112701,8.61955628,1.856093,1.824818,8.24355967,2.024691,1.244558
2024-01-01,Expansión - Centro,CERVEZAS,25,350,479,3530.29,718,4.998409328,0.07969493058,24,368,510,3846.59,867,4.467202999,0.04268118803,1.118912512,7.37012526,1.498956,1.368571,7.54233333,1.7,1.38587
2024-01-01,Expansión - Centro,CERVEZAS,23,454,759,6299.28,1484,4.352575369,0.02032525531,20,115,142,1091.71,279,3.961194367,0.03897910747,1.098803786,8.29944664,1.955204,1.671806,7.68809859,1.964789,1.234783
2024-01-01,Expansión - Centro,CERVEZAS,25,296,406,3106.27,644,4.888666667,0.07024327262,20,153,201,1376.29,311,4.382560096,0.03653955545,1.115481946,7.65091133,1.586207,1.371622,6.84721393,1.547264,1.313725
2024-01-01,Expansión - Costa,CERVEZAS,31,507,886,7632.56,1584,5.003978833,0.0644467046,29,205,305,2539.72,617,4.151293575,0.02537728627,1.205402302,8.61462754,1.78781,1.747535,8.32695082,2.022951,1.487805
2024-01-01,Medellín,CERVEZAS,39,17321,31378,245689.34,50786,4.875037542,0.09172087115,35,2442,2991,20941.84,4923,4.27624159,0.03612123301,1.14002856,7.82998725,1.618523,1.811558,7.00161819,1.645938,1.224816
2024-02-01,Bogotá,CERVEZAS,45,31399,52581,424530.75,88863,4.874687296,0.06706468053,43,5146,6393,53867.27,11932,4.610854565,0.126817001,1.05721992,8.07384321,1.690021,1.674607,8.42597685,1.866416,1.242324
2024-02-01,Bogotá,CERVEZAS,37,608,1055,9455.15,1963,4.864059514,0.06768998177,30,248,317,3005.89,654,4.739050111,0.1210417737,1.026378578,8.96222749,1.860664,1.735197,9.48230284,2.063091,1.278226
2024-02-01,Cali y Bucaramanga,CERVEZAS,35,1794,3080,24968.16,5665,4.502269713,0.05894968904,29,404,1020,6415.72,1486,4.331209725,0.1164632988,1.039494737,8.10654545,1.839286,1.716834,6.28992157,1.456863,2.524752
2024-02-01,Cali y Bucaramanga,CERVEZAS,34,5994,10755,80674.46,17330,4.733524357,0.06688340651,32,1285,1695,14201.21,3234,4.448260789,0.1180886587,1.064129237,7.50111204,1.611344,1.794294,8.37829499,1.907965,1.319066
2024-02-01,Costa,CERVEZAS,38,2529,4383,40228.92,8580,4.758334062,0.07309660576,33,947,1215,11672.57,2661,4.474160491,0.09789675537,1.063514389,9.17839836,1.957563,1.733096,9.6070535,2.190123,1.282999
2024-02-01,Costa,CERVEZAS,37,6350,10672,89752.88,19891,4.672372442,0.07041670587,31,1045,1542,14072.03,3371,4.332035211,0.1057206213,1.078562896,8.41012744,1.863849,1.68063,9.12583009,2.186122,1.475598
2024-02-01,Expansión - Centro,CERVEZAS,28,388,582,4268.66,890,4.823237129,0.04624696077,27,374,568,4476.59,964,4.630276515,0.1123725376,1.04167367,7.33446735,1.52921,1.5,7.88132042,1.697183,1.518717
2024-02-01,Expansión - Centro,CERVEZAS,29,272,388,2569.95,526,4.909514851,0.04325045031,21,149,190,1517.97,342,4.408757189,0.1014532875,1.1135825,6.62358247,1.35567,1.426471,7.98931579,1.8,1.275168
2024-02-01,Expansión - Centro,CERVEZAS,5,5,6,63.25,15,4.140476191,0.1444852112,5,71,90,804.3,192,4.14850372,0.0898835968,0.9980649581,10.54166667,2.5,1.2,8.93666667,2.133333,1.267606
2024-02-01,Expansión - Costa,CERVEZAS,34,517,910,7094.85,1489,4.8630625,0.05401489898,26,220,421,3450.85,823,4.250277349,0.1579005022,1.144175333,7.79653846,1.636264,1.760155,8.19679335,1.954869,1.913636
2024-02-01,Medellín,CERVEZAS,33,16309,29142,218936.02,46565,4.80361301,0.05550765852,31,3421,4436,33575.58,7665,4.423034274,0.1058871422,1.086044718,7.51273145,1.597866,1.786866,7.56888638,1.727908,1.296697
2024-03-01,Bogotá,CERVEZAS,56,37894,64572,537700.55,109736,5.002197185,0.1100091014,50,6299,7821,66713.79,14738,4.59722608,0.1237183029,1.088090317,8.32714722,1.699436,1.704016,8.53008439,1.884414,1.241626
2024-03-01,Bogotá,CERVEZAS,42,826,1337,12473.35,2548,5.011612651,0.1271801308,36,332,421,4334.36,917,4.941193065,0.142301769,1.014251535,9.32935677,1.905759,1.618644,10.29539192,2.178147,1.268072
2024-03-01,Cali y Bucaramanga,CERVEZAS,43,7413,13014,101659.64,21387,4.81476637,0.1081789793,38,1663,2132,17701.56,3934,4.511941501,0.09790204225,1.067116311,7.81155986,1.643384,1.755565,8.3027955,1.845216,1.28202
2024-03-01,Cali y Bucaramanga,CERVEZAS,42,2758,5259,46512.24,10190,4.640188042,0.1052267001,33,555,1140,9309.39,2207,4.209622103,0.1222671208,1.102281376,8.84431261,1.937631,1.906817,8.16613158,1.935965,2.054054
2024-03-01,Costa,CERVEZAS,47,3817,6804,65395.08,13575,4.915299292,0.1174786357,38,1228,1615,15748.74,3522,4.583202005,0.1226295835,1.072459666,9.61126984,1.99515,1.782552,9.7515418,2.180805,1.315147
2024-03-01,Costa,CERVEZAS,43,7130,12652,108530.37,22563,4.919517086,0.1079464041,38,1031,1256,10940.83,2566,4.419555289,0.1254448729,1.113124911,8.57811966,1.783354,1.774474,8.71085191,2.042994,1.218235
2024-03-01,Expansión -  Costa,CERVEZAS,29,301,410,3715.98,757,4.896808768,0.1277580931,26,897,1279,13452.07,2983,4.610448469,0.1187199494,1.062111159,9.06336585,1.846341,1.362126,10.5176466,2.332291,1.425864
2024-03-01,Expansión - Centro,CERVEZAS,28,372,548,4304.78,862,5.020013356,0.1197418581,21,166,219,1670.45,364,4.603320049,0.0989478898,1.090520168,7.85543796,1.572993,1.473118,7.62762557,1.6621,1.319277
2024-03-01,Expansión - Centro,CERVEZAS,30,149,186,1788.98,371,4.945781492,0.1006761513,26,275,431,4935.71,1079,4.683744544,0.1464754626,1.055946038,9.61817204,1.994624,1.248322,11.45176334,2.50348,1.567273
2024-03-01,Expansión - Centro,CERVEZAS,30,234,319,2626.85,551,4.795457516,0.08379861608,26,248,339,2988.96,702,4.248831976,0.07560505031,1.128653132,8.2346395,1.727273,1.363248,8.81699115,2.070796,1.366935
2024-03-01,Expansión - Centro,CERVEZAS,32,499,753,5351.37,1114,4.809032757,0.1132792297,30,474,722,6130.85,1284,4.771278556,0.1238021937,1.007912806,7.10673307,1.479416,1.509018,8.49148199,1.778393,1.523207
2024-03-01,Expansión - Costa,CERVEZAS,35,719,1343,11595.93,2454,4.844627208,0.1033878085,31,231,324,2925.8,698,4.230089269,0.0697473579,1.145277771,8.63434847,1.827252,1.867872,9.03024691,2.154321,1.402597
2024-03-01,Medellín,CERVEZAS,43,17122,30422,237794.74,49053,4.940289065,0.09991792953,40,3855,4887,36716.49,8319,4.442030262,0.1076501306,1.11216916,7.81653869,1.612419,1.776778,7.51309392,1.702271,1.267704
2024-04-01,Bogotá,CERVEZAS,62,35214,60312,493560.66,99727,5.044482671,0.07818636513,54,4687,5681,45366.92,9971,4.652188298,0.07347350896,1.084324698,8.18345702,1.653518,1.712728,7.98572786,1.755149,1.212076
2024-04-01,Bogotá,CERVEZAS,46,678,1087,9899.02,1949,5.199551705,0.08070590792,32,227,284,2719.44,592,4.737755113,0.06384827712,1.097471604,9.10673413,1.793008,1.603245,9.57549296,2.084507,1.251101
2024-04-01,Cali y Bucaramanga,CERVEZAS,45,2155,4019,31154.14,6851,4.633410091,0.07721782483,34,365,843,5099.88,1284,4.150682043,0.008277836088,1.116300898,7.75171436,1.704653,1.864965,6.04967972,1.523132,2.309589
2024-04-01,Cali y Bucaramanga,CERVEZAS,46,5473,9343,72290.74,14950,4.902643967,0.07929378546,41,1269,1608,12432.44,2812,4.493644764,0.05162063844,1.091017253,7.73742267,1.600128,1.707108,7.73161692,1.748756,1.267139
2024-04-01,Costa,CERVEZAS,46,5625,9779,82638.86,16806,5.01493567,0.07538228689,40,847,994,8461.31,1926,4.529208731,0.09263279134,1.107243222,8.45064526,1.718581,1.738489,8.51238431,1.937626,1.173554
2024-04-01,Costa,CERVEZAS,48,2905,5001,47917.77,9854,4.9683762,0.08510774837,40,955,1209,11746.11,2733,4.451754704,0.08510585548,1.116048958,9.58163767,1.970406,1.721515,9.71555831,2.260546,1.265969
2024-04-01,Expansión -  Costa,CERVEZAS,32,285,451,3662.35,721,5.131853862,0.05833854997,31,509,731,6726.88,1559,4.453905751,0.08097527598,1.152214292,8.12050998,1.59867,1.582456,9.20229822,2.132695,1.436149
2024-04-01,Expansión - Centro,CERVEZAS,27,242,365,2824.7,548,5.190696306,0.08012797148,20,116,153,1084.61,225,4.813923868,0.04761679473,1.07826722,7.73890411,1.50137,1.508264,7.08895425,1.470588,1.318966
2024-04-01,Expansión - Centro,CERVEZAS,29,333,483,4076.71,844,4.974240494,0.06868665562,21,124,164,1210.77,312,3.916592179,0.0176402506,1.270043004,8.44039337,1.747412,1.45045,7.3827439,1.902439,1.322581
2024-04-01,Expansión - Centro,CERVEZAS,33,167,246,1881.8,405,4.71946952,0.04171443851,27,192,272,2677.67,611,4.561493021,0.09272370234,1.03463263,7.6495935,1.646341,1.473054,9.844375,2.246324,1.416667
2024-04-01,Expansión - Centro,CERVEZAS,30,295,439,3063.12,642,4.772839533,0.07195012626,29,329,501,3759.9,802,4.741216199,0.08361816999,1.006669878,6.97749431,1.462415,1.488136,7.50479042,1.600798,1.522796
2024-04-01,Expansión - Costa,CERVEZAS,34,564,1015,8647.51,1787,4.926360642,0.07708988427,30,183,237,1799.55,405,4.517208406,0.06807636913,1.090576347,8.51971429,1.760591,1.799645,7.59303797,1.708861,1.295082
2024-04-01,Medellín,CERVEZAS,51,13649,23759,182973.47,37602,4.953408793,0.06317765725,46,2902,3528,26060.43,5853,4.497555421,0.05382021247,1.10135581,7.70122775,1.582642,1.740714,7.3867432,1.659014,1.215713
2024-05-01,Bogotá,CERVEZAS,62,36426,61480,508152.14,103060,5.021386225,0.05128021002,56,5768,7207,62402.66,13484,4.703149852,0.1101623418,1.067664519,8.26532433,1.676318,1.687805,8.65861801,1.870959,1.24948
2024-05-01,Bogotá,CERVEZAS,47,771,1208,10617,2147,5.029545627,0.05951631877,36,254,318,3217.13,672,4.820453508,0.1112961187,1.043376026,8.78890728,1.777318,1.566796,10.11676101,2.113208,1.251969
2024-05-01,Cali y Bucaramanga,CERVEZAS,47,2294,4042,33212.89,6979,4.830125495,0.05594275519,35,517,839,7773.09,1829,4.320364272,0.1352121608,1.117990334,8.21694458,1.72662,1.761988,9.26470799,2.179976,1.622824
2024-05-01,Cali y Bucaramanga,CERVEZAS,49,5307,8782,67190.1,14080,4.83482115,0.05502641266,43,1651,2192,18091.16,4034,4.568307614,0.09886255624,1.058339665,7.65088818,1.603279,1.654796,8.25326642,1.840328,1.32768
2024-05-01,Costa,CERVEZAS,51,6601,11335,94857.93,19756,4.895407865,0.064376798,41,1212,1511,14249.43,3079,4.81969717,0.1237347526,1.0157086,8.36858668,1.74292,1.717164,9.43046327,2.037723,1.2467
2024-05-01,Costa,CERVEZAS,48,3099,5211,48843.62,9939,5.032855541,0.06088816737,40,1043,1414,14708.6,3267,4.652729522,0.1074369089,1.081699574,9.37317597,1.907311,1.68151,10.40212164,2.310467,1.355705
2024-05-01,Expansión -  Costa,CERVEZAS,31,316,452,3803.07,685,5.595630802,0.05285103321,30,630,923,8796.3,1943,4.624590143,0.09501963829,1.209973344,8.41387168,1.515487,1.43038,9.53011918,2.105092,1.465079
2024-05-01,Expansión - Centro,CERVEZAS,36,266,367,2896.28,592,4.974324003,0.04951152796,28,193,297,3082.24,709,4.422044402,0.1426190865,1.124892369,7.89177112,1.613079,1.379699,10.37791246,2.387205,1.53886
2024-05-01,Expansión - Centro,CERVEZAS,30,360,524,3835.31,765,5.08591953,0.06494879913,28,365,530,3947.78,853,4.653071429,0.1001071275,1.093024169,7.31929389,1.459924,1.455556,7.44864151,1.609434,1.452055
2024-05-01,Expansión - Centro,CERVEZAS,30,281,408,3021.19,610,4.984911742,0.06500451886,26,159,218,1592.55,335,4.832894068,0.09894893479,1.031454791,7.40487745,1.495098,1.451957,7.30527523,1.536697,1.371069
2024-05-01,Expansión - Centro,CERVEZAS,32,388,590,4688.65,974,4.911283811,0.06327968569,25,147,210,1804.79,443,4.109118304,0.05785136751,1.195215968,7.94686441,1.650847,1.520619,8.5942381,2.109524,1.428571
2024-05-01,Expansión - Costa,CERVEZAS,34,694,1185,9819.04,2091,4.778684576,0.05781055546,30,238,376,4452.72,1037,4.355215211,0.1551434985,1.097232707,8.2861097,1.764557,1.707493,11.84234043,2.757979,1.579832
2024-05-01,Medellín,CERVEZAS,52,14783,25553,199344.22,40729,4.975314363,0.0468753944,48,3237,4053,30760,6969,4.46029827,0.08448990998,1.115466738,7.80120612,1.593903,1.72854,7.58943992,1.719467,1.252085
2024-06-01,Bogotá,CERVEZAS,66,42181,71620,621712.68,124847,5.080493983,0.08904682727,58,6609,8110,73726.77,15555,4.837285288,0.1127300782,1.050277931,8.68071321,1.743186,1.697921,9.0908471,1.918002,1.227115
2024-06-01,Bogotá,CERVEZAS,53,911,1343,12764.1,2516,5.186527703,0.09402774849,39,348,437,4700.13,957,5.06723965,0.1071654485,1.023541032,9.50416977,1.873418,1.474204,10.75544622,2.189931,1.255747
2024-06-01,Cali y Bucaramanga,CERVEZAS,50,2812,4927,44071.69,9191,4.877190297,0.09221551906,39,665,923,8169.74,1876,4.3569592,0.11358635,1.119402334,8.94493404,1.865435,1.752134,8.85128927,2.032503,1.38797
2024-06-01,Cali y Bucaramanga,CERVEZAS,52,6432,10773,87914.18,17817,5.003095249,0.09340800317,47,1994,2582,21864.33,4782,4.624901408,0.09491050026,1.081773385,8.16060336,1.653857,1.674907,8.46798218,1.852053,1.294885
2024-06-01,Costa,CERVEZAS,50,7513,13212,116877.94,23983,4.963040136,0.09752762369,40,1266,1584,16460.15,3401,5.000213583,0.1448404732,0.9925656282,8.84634726,1.815244,1.758552,10.39150884,2.147096,1.251185
2024-06-01,Costa,CERVEZAS,51,3900,6452,63697.94,12887,5.049018705,0.08806686193,38,1176,1602,16286.93,3500,4.82434629,0.1160453261,1.046570541,9.87258834,1.997365,1.654359,10.16662297,2.184769,1.362245
2024-06-01,Expansión -  Costa,CERVEZAS,35,371,597,5035.34,878,5.825691879,0.0917543931,29,888,1219,11992.66,2612,4.648698349,0.1017373421,1.253187762,8.43440536,1.470687,1.609164,9.83811321,2.14274,1.372748
2024-06-01,Expansión - Centro,CERVEZAS,35,513,758,6808.39,1388,5.020024351,0.08238879867,25,280,359,3466.4,801,4.466626458,0.07180823694,1.123896166,8.98204485,1.831135,1.477583,9.65571031,2.231198,1.282143
2024-06-01,Expansión - Centro,CERVEZAS,32,385,522,4145.98,832,4.978871661,0.1146297096,26,201,269,2235.17,464,4.848214857,0.1167983326,1.026949467,7.94249042,1.59387,1.355844,8.30918216,1.724907,1.338308
2024-06-01,Expansión - Centro,CERVEZAS,32,426,655,4840.37,977,4.969974359,0.09006572107,30,482,631,5248.65,1130,4.701416409,0.1136484465,1.057122775,7.38987786,1.491603,1.537559,8.31798732,1.790808,1.309129
2024-06-01,Expansión - Centro,CERVEZAS,36,383,521,4625.03,955,4.971801362,0.1099785975,31,245,339,3615.46,832,4.407304992,0.1371683924,1.128081985,8.87721689,1.833013,1.360313,10.66507375,2.454277,1.383673
2024-06-01,Expansión - Costa,CERVEZAS,36,880,1529,12990.14,2712,4.833892627,0.08595294099,31,308,614,7309.65,1755,4.228764881,0.2421928546,1.143097988,8.49584042,1.773708,1.7375,11.90496743,2.858306,1.993506
2024-06-01,Medellín,CERVEZAS,55,16788,28627,230297.76,46411,5.038016371,0.07980867467,49,4163,5207,41992.02,9288,4.556323927,0.1121034303,1.105719534,8.04477451,1.621232,1.705206,8.06453236,1.783753,1.250781
2024-07-01,Bogotá,CERVEZAS,71,41609,68511,610950.34,121426,5.119822618,0.06827587594,65,6519,7900,75834.14,15796,4.871316647,0.1055155126,1.051014128,8.91755105,1.772358,1.646543,9.59925823,1.999494,1.211842
2024-07-01,Bogotá,CERVEZAS,50,858,1289,12167.6,2391,5.20591326,0.07173105527,34,313,377,4156.87,840,5.046323221,0.1218349367,1.031625013,9.43956555,1.854926,1.502331,11.02618037,2.228117,1.204473
2024-07-01,Cali y Bucaramanga,CERVEZAS,53,6208,10267,84948.14,17050,5.053958431,0.06700076433,49,1855,2383,21055.03,4552,4.716166712,0.07320874835,1.071624211,8.27390085,1.66066,1.653834,8.83551406,1.910197,1.284636
2024-07-01,Cali y Bucaramanga,CERVEZAS,48,2615,4302,39003.96,8219,4.837092739,0.0727182728,37,496,636,6077.92,1378,4.515118081,0.07699755143,1.071310352,9.06647141,1.910507,1.645124,9.55647799,2.166667,1.282258
2024-07-01,Costa,CERVEZAS,52,6932,12117,106732.54,21764,4.983586449,0.0765297871,41,1202,1452,14823.63,3079,4.940568115,0.1289017921,1.008707164,8.8084955,1.796154,1.74798,10.20911157,2.120523,1.207987
2024-07-01,Costa,CERVEZAS,53,3634,6137,60662.41,12332,4.994228433,0.07735755737,42,1003,1251,12392.48,2697,4.697793811,0.09602899066,1.063100816,9.88470099,2.009451,1.688773,9.90605915,2.155875,1.247258
2024-07-01,Expansión -  Costa,CERVEZAS,38,429,868,6426.62,1325,4.862533914,0.07743645763,29,804,1085,10313.99,2183,4.76245341,0.1037605795,1.021014485,7.40394009,1.526498,2.02331,9.50598157,2.011982,1.349502
2024-07-01,Expansión - Centro,CERVEZAS,37,425,621,4732.04,970,4.889836061,0.06069725853,33,491,658,5442.59,1142,4.800787331,0.08563507915,1.018548776,7.62003221,1.561997,1.461176,8.27141337,1.735562,1.340122
2024-07-01,Expansión - Centro,CERVEZAS,30,450,633,5878.08,1189,4.980066737,0.08625567297,21,193,243,2684.56,577,4.648498997,0.06911879033,1.071327915,9.28606635,1.878357,1.406667,11.04757202,2.374486,1.259067
2024-07-01,Expansión - Centro,CERVEZAS,36,394,605,5449.8,1168,4.749291576,0.0842871294,26,201,261,3134.48,718,4.406843632,0.1224435729,1.077708213,9.00793388,1.930579,1.535533,12.00950192,2.750958,1.298507
2024-07-01,Expansión - Centro,CERVEZAS,34,379,533,4424.19,888,5.003496065,0.07911419932,24,191,247,2004.75,416,4.814899233,0.08247828282,1.039169424,8.30054409,1.666041,1.406332,8.11639676,1.684211,1.293194
2024-07-01,Expansión - Costa,CERVEZAS,33,803,1372,12978.65,2700,4.893038101,0.08913555251,26,211,343,3250.42,764,4.279021983,0.1032829626,1.143494499,9.45965743,1.96793,1.708593,9.47644315,2.227405,1.625592
2024-07-01,Medellín,CERVEZAS,61,16918,28535,231564.86,46533,5.053334329,0.06172138119,56,4023,4945,40016.37,8710,4.653386214,0.1020465064,1.085947758,8.11511687,1.630734,1.686665,8.09228918,1.761375,1.229182
2024-08-01,Bogotá,CERVEZAS,52,803,1283,11771.2,2343,5.149205085,0.08002667365,39,301,378,4169.88,854,5.065467753,0.1235790858,1.016531017,9.17474669,1.826189,1.597758,11.03142857,2.259259,1.255814
2024-08-01,Bogotá,CERVEZAS,68,37641,64755,550146.58,109772,5.094845647,0.07692344499,63,6200,7884,72149.85,15203,4.829821596,0.1296210132,1.054872431,8.49581623,1.69519,1.720332,9.15142694,1.928336,1.271613
2024-08-01,Cali y Bucaramanga,CERVEZAS,54,6041,10569,83828.81,17075,5.01380736,0.08165499438,48,1723,2357,20728.47,4465,4.694095304,0.1039770478,1.068109409,7.93157442,1.615574,1.749545,8.79442936,1.894357,1.367963
2024-08-01,Cali y Bucaramanga,CERVEZAS,49,2444,4324,35765.27,7536,4.796442426,0.08100715043,38,524,702,6565.01,1465,4.587470705,0.1152020488,1.04555271,8.27133904,1.742831,1.769231,9.3518661,2.086895,1.339695
2024-08-01,Costa,CERVEZAS,52,3668,6176,60101.67,12329,4.963666313,0.07682681439,43,1041,1359,14214.4,2998,4.975202615,0.1197557114,0.9976812397,9.73148802,1.996276,1.683751,10.45945548,2.206034,1.305476
2024-08-01,Costa,CERVEZAS,51,7038,12751,109787.77,22433,5.007014838,0.08363826056,43,1075,1373,14495.52,3116,4.831798817,0.1482650976,1.036263104,8.61013019,1.759313,1.811736,10.5575528,2.269483,1.277209
2024-08-01,Expansión -  Costa,CERVEZAS,36,417,765,5855.57,1207,4.91578009,0.08124104784,31,796,1096,10736.93,2264,4.809755567,0.1170625575,1.022043641,7.65433987,1.577778,1.834532,9.79646898,2.065693,1.376884
2024-08-01,Expansión - Centro,CERVEZAS,35,324,496,3988.37,783,5.085516729,0.0805842747,26,175,232,1776.59,382,4.742911719,0.1252383523,1.072235165,8.04106855,1.578629,1.530864,7.65771552,1.646552,1.325714
2024-08-01,Expansión - Centro,CERVEZAS,38,396,583,4064.26,842,4.847743292,0.08375557225,31,430,634,5466.7,1127,4.878842249,0.1266249761,0.9936257506,6.97128645,1.444254,1.472222,8.62255521,1.777603,1.474419
2024-08-01,Expansión - Centro,CERVEZAS,31,467,660,6112.76,1198,5.137996778,0.08936699897,21,188,248,2194.42,491,4.538759138,0.09781154158,1.132026755,9.26175758,1.815152,1.413276,8.84846774,1.979839,1.319149
2024-08-01,Expansión - Centro,CERVEZAS,37,334,465,4371.33,926,4.858667482,0.09009129613,29,224,343,4081.97,936,4.411327895,0.1511067819,1.101407014,9.40070968,1.991398,1.392216,11.90078717,2.728863,1.53125
2024-08-01,Expansión - Costa,CERVEZAS,34,766,1335,12124.47,2485,4.963185258,0.0813495308,27,234,406,4260.85,1023,4.30761142,0.1353101708,1.152189642,9.082,1.861423,1.74282,10.49470443,2.519704,1.735043
2024-08-01,Medellín,CERVEZAS,60,16299,28499,224228.51,46110,4.93057221,0.06909822566,57,3902,5020,39041.31,8631,4.582289594,0.1333982921,1.076006243,7.86794309,1.617952,1.748512,7.77715339,1.719323,1.28652
2024-09-01,Bogotá,CERVEZAS,68,39238,66537,566211.75,114070,5.05384674,0.1420921129,66,5978,7402,66984.72,14329,4.750970376,0.1582145052,1.063750421,8.50972767,1.714384,1.695729,9.04954337,1.935828,1.238207
2024-09-01,Bogotá,CERVEZAS,55,823,1296,12413,2449,5.207999437,0.154313452,44,302,401,4568.53,969,4.839199769,0.1698808434,1.076210879,9.5779321,1.88966,1.574727,11.39284289,2.416459,1.327815
2024-09-01,Cali y Bucaramanga,CERVEZAS,53,2668,4515,37837.26,8073,4.744793561,0.1531153532,42,448,574,4993.4,1097,4.603838577,0.136665994,1.030616839,8.38034551,1.78804,1.692279,8.69930314,1.91115,1.28125
2024-09-01,Cali y Bucaramanga,CERVEZAS,56,6468,11328,88166.11,18470,4.827011088,0.1599910659,50,1759,2348,20605.59,4594,4.549916721,0.1341007749,1.060900976,7.78302525,1.630473,1.751391,8.77580494,1.956559,1.334849
2024-09-01,Costa,CERVEZAS,56,7665,14004,124179.59,25790,4.922854102,0.1395996516,50,1406,1720,18682.35,3990,4.805923989,0.1695819472,1.024330412,8.86743716,1.841617,1.827006,10.8618314,2.319767,1.223329
2024-09-01,Costa,CERVEZAS,55,3648,6173,60419.82,12417,4.957592579,0.1329694099,44,931,1182,12752.07,2722,4.882211617,0.138517325,1.015439921,9.78775636,2.011502,1.69216,10.7885533,2.302876,1.269603
2024-09-01,Expansión -  Costa,CERVEZAS,39,587,1315,11954.46,2557,4.752437478,0.1495930409,34,688,936,9443.3,2093,4.605459898,0.1366010937,1.031913768,9.09084411,1.944487,2.240204,10.08899573,2.236111,1.360465
2024-09-01,Expansión - Centro,CERVEZAS,35,550,887,7894.33,1581,5.068196791,0.16180981,27,210,277,2655,576,4.704314305,0.1200060805,1.077350802,8.90003382,1.782413,1.612727,9.58483755,2.079422,1.319048
2024-09-01,Expansión - Centro,CERVEZAS,38,437,662,5569.45,1201,4.728564111,0.1995062006,27,235,316,3396.25,747,4.644935034,0.1776070312,1.018004359,8.41306647,1.814199,1.514874,10.74762658,2.363924,1.344681
2024-09-01,Expansión - Centro,CERVEZAS,39,405,613,4753.67,991,4.79931705,0.1838892698,31,190,246,1936.2,427,4.567788616,0.1186054249,1.050687204,7.75476346,1.616639,1.51358,7.87073171,1.735772,1.294737
2024-09-01,Expansión - Centro,CERVEZAS,38,462,781,5856,1198,4.936265258,0.1629989792,33,508,731,5828.25,1233,4.7567972,0.1406720152,1.03772876,7.49807939,1.533931,1.690476,7.97298222,1.686731,1.438976
2024-09-01,Expansión - Costa,CERVEZAS,34,742,1249,10963.94,2199,5.06858426,0.1423119719,29,240,379,3855.54,855,4.569931615,0.1518093289,1.109115997,8.77817454,1.760608,1.683288,10.17292876,2.255937,1.579167
2024-09-01,Medellín,CERVEZAS,63,17262,29464,230658.84,49113,4.826963144,0.1379500177,60,3874,4886,38121.81,8362,4.593461694,0.1593213243,1.050833438,7.82849715,1.666882,1.706871,7.80225338,1.71142,1.261229
2024-10-01,Bogotá,CERVEZAS,74,39819,70779,588615.98,121117,4.964949465,0.1343788408,71,5497,6861,60555.86,12944,4.82823277,0.09964897583,1.028316095,8.31625171,1.7112,1.777518,8.82609824,1.886605,1.248135
2024-10-01,Bogotá,CERVEZAS,54,852,1367,12447.22,2510,5.047809161,0.1418439907,41,310,405,4215.06,848,5.127464159,0.100027565,0.9844650308,9.1055011,1.836138,1.60446,10.40755556,2.093827,1.306452
2024-10-01,Cali y Bucaramanga,CERVEZAS,55,2948,5378,45402.05,9842,4.706137395,0.1577417516,48,446,598,4814.55,1111,4.476766126,0.06244220783,1.051235929,8.44218111,1.830048,1.824288,8.05108696,1.85786,1.340807
2024-10-01,Cali y Bucaramanga,CERVEZAS,59,6342,11433,89311.74,19013,4.768710193,0.1447598183,53,1748,2407,18539.41,4206,4.536087393,0.06912323089,1.051282698,7.8117502,1.662993,1.802744,7.70228916,1.747403,1.377002
2024-10-01,Costa,CERVEZAS,59,3856,7013,67398.68,14292,4.791280308,0.1423317718,49,990,1278,12922.51,2808,4.806116352,0.1079232244,0.9969130911,9.61053472,2.03793,1.818724,10.11151017,2.197183,1.290909
2024-10-01,Costa,CERVEZAS,62,8240,16147,129631.63,29957,4.439832684,0.1393854249,56,1111,1339,13923.72,2888,5.053232326,0.1353954369,0.8786124203,8.02821763,1.855267,1.959587,10.39859597,2.156833,1.205221
2024-10-01,Expansión -  Costa,CERVEZAS,41,657,1663,13230.78,2945,4.541047075,0.1301796828,39,883,1203,11833.65,2594,4.767280622,0.1034727348,0.9525445291,7.95597114,1.770896,2.531202,9.83678304,2.156276,1.362401
2024-10-01,Expansión - Centro,CERVEZAS,39,530,783,6932.37,1503,4.754083145,0.14827338,34,313,418,4502.16,1016,4.553890334,0.09601150934,1.043960833,8.85360153,1.91954,1.477358,10.7707177,2.430622,1.335463
2024-10-01,Expansión - Centro,CERVEZAS,37,657,1037,9640.88,2003,4.971184494,0.176236594,26,153,194,1905.29,388,5.09914051,0.09339723584,0.9749063562,9.29689489,1.931533,1.578387,9.82108247,2,1.267974
2024-10-01,Expansión - Centro,CERVEZAS,39,406,633,4946.02,1043,4.764118143,0.1619223788,31,166,207,1475.47,333,4.501694567,0.07288458913,1.058294398,7.81361769,1.647709,1.559113,7.1278744,1.608696,1.246988
2024-10-01,Expansión - Centro,CERVEZAS,38,478,927,6514.42,1418,4.645472471,0.1419242317,35,408,608,5007.1,1072,4.712098676,0.08724745666,0.9858606091,7.02742179,1.529666,1.939331,8.23536184,1.763158,1.490196
2024-10-01,Expansión - Costa,CERVEZAS,43,1005,1859,16548.19,3498,4.797558355,0.1507691315,33,243,434,5034.15,1050,4.965897196,0.1509148876,0.9661010217,8.90166218,1.881657,1.849751,11.59942396,2.419355,1.786008
2024-10-01,Medellín,CERVEZAS,76,17213,31228,243272.5,51665,4.806275471,0.1253843016,74,3867,4996,41093.86,8874,4.727889327,0.1258114369,1.016579522,7.7902043,1.654445,1.81421,8.22535228,1.776221,1.291958
2024-11-01,Bogotá,CERVEZAS,77,44065,81636,677140.69,142935,4.847657193,0.09347383847,71,5540,7065,69958.47,14891,4.834734801,0.1347926062,1.002672823,8.29463337,1.750882,1.852627,9.9021189,2.107714,1.275271
2024-11-01,Bogotá,CERVEZAS,55,915,1494,13456.08,2766,4.954795114,0.09882004333,43,272,368,3768.98,782,4.86513098,0.1280226687,1.018429953,9.00674699,1.851406,1.632787,10.24179348,2.125,1.352941
2024-11-01,Cali y Bucaramanga,CERVEZAS,60,6124,11440,86705.17,18889,4.654202211,0.09778241672,54,1924,2696,23615.13,5280,4.531188232,0.1054780498,1.027148283,7.57912325,1.651136,1.86806,8.75932122,1.958457,1.401247
2024-11-01,Cali y Bucaramanga,CERVEZAS,59,2815,5166,43572.51,9406,4.763008557,0.1061221959,49,621,866,8039.92,1843,4.437845679,0.1102056443,1.073270434,8.43447735,1.820751,1.835169,9.28397229,2.128176,1.394525
2024-11-01,Costa,CERVEZAS,58,8263,16728,135204.96,29434,4.630971228,0.09859890955,48,1229,1585,17664.78,3983,4.550217143,0.1675178932,1.017747304,8.0825538,1.759565,2.024446,11.14497161,2.512934,1.289666
2024-11-01,Costa,CERVEZAS,61,3814,7040,64973.74,13776,4.790825103,0.1010605611,51,1128,1465,15927.03,3467,4.785605784,0.1344681051,1.001090629,9.22922443,1.956818,1.845831,10.87169283,2.366553,1.298759
2024-11-01,Expansión -  Costa,CERVEZAS,43,692,1851,15522.87,3412,4.631168422,0.09993558604,39,778,1112,11590.51,2676,4.503497658,0.1375963137,1.028349246,8.38620746,1.843328,2.674855,10.4231205,2.406475,1.429306
2024-11-01,Expansión - Centro,CERVEZAS,44,519,927,6660.42,1420,4.718717999,0.09016253391,38,469,708,6159.25,1294,4.811922925,0.1230187018,0.9806304201,7.18491909,1.531823,1.786127,8.69950565,1.827684,1.509595
2024-11-01,Expansión - Centro,CERVEZAS,42,418,626,4851.44,1013,4.812319664,0.1107339669,28,193,248,2007.76,460,4.441382125,0.1074805574,1.083518492,7.74990415,1.618211,1.497608,8.09580645,1.854839,1.284974
2024-11-01,Expansión - Centro,CERVEZAS,40,561,955,8995.08,1919,4.816475825,0.09569678734,32,237,322,3791.23,815,4.653507567,0.1427463559,1.035020521,9.41893194,2.009424,1.702317,11.77400621,2.531056,1.35865
2024-11-01,Expansión - Centro,CERVEZAS,44,471,763,6972.33,1501,4.786031765,0.1251453905,37,309,502,5997.74,1416,4.423670621,0.1454936401,1.081914133,9.13804718,1.967235,1.619958,11.94768924,2.820717,1.624595
2024-11-01,Expansión - Costa,CERVEZAS,45,1040,2007,17585.01,3840,4.592472499,0.1080000654,35,327,605,7736.36,1795,4.493615136,0.1657064522,1.021999517,8.76183857,1.913303,1.929808,12.7873719,2.966942,1.850153
2024-11-01,Medellín,CERVEZAS,78,19130,35302,275890.43,60168,4.694605209,0.08509333159,75,3934,5101,45421.14,9823,4.702511609,0.1369226542,0.9983186856,7.81515013,1.704379,1.845374,8.90435993,1.925701,1.296645
2024-12-01,Bogotá,CERVEZAS,80,45765,82469,735994.09,152260,4.943193903,0.0848750756,76,7349,9350,117874.25,24421,4.91356188,0.1549645562,1.00603066,8.92449393,1.84627,1.80201,12.60687166,2.611872,1.272282
2024-12-01,Bogotá,CERVEZAS,59,995,1534,14634.1,2948,5.06524359,0.09820350985,47,377,450,5341.5,1090,4.999342109,0.1458632557,1.013182031,9.53983051,1.921773,1.541709,11.87,2.422222,1.193634
2024-12-01,Cali y Bucaramanga,CERVEZAS,61,3520,6420,61658.87,12723,4.961006181,0.09582522093,53,897,1271,13737.94,3021,4.66312984,0.1304242178,1.063879058,9.60418536,1.981776,1.823864,10.80876475,2.376869,1.416945
2024-12-01,Cali y Bucaramanga,CERVEZAS,60,7057,12299,107475.94,21840,4.972972916,0.1029427343,54,2250,2975,28006.29,6278,4.577094599,0.1046709391,1.086491181,8.73859176,1.775754,1.742809,9.41387899,2.110252,1.322222
2024-12-01,Costa,CERVEZAS,64,9631,18993,173264.41,36430,4.855338511,0.09731320285,55,1661,2176,27247.4,5905,4.73831255,0.1782107377,1.024697814,9.12254041,1.918075,1.972069,12.52178309,2.713695,1.310054
2024-12-01,Costa,CERVEZAS,63,4559,8467,84240.58,17549,4.871436375,0.1033279297,53,1447,1897,20790.41,4491,4.810165869,0.1344986645,1.012737712,9.9492831,2.072635,1.857206,10.95962572,2.367422,1.310988
2024-12-01,Expansión -  Costa,CERVEZAS,40,966,2449,22907.72,4907,4.697186081,0.1135550686,38,1151,1596,17850.21,3850,4.760865447,0.1322702936,0.9866244139,9.35390772,2.003675,2.535197,11.18434211,2.412281,1.38662
2024-12-01,Expansión - Centro,CERVEZAS,44,570,1087,7893.55,1663,4.686186616,0.0679075106,40,566,793,7403.82,1580,4.841360621,0.1284688497,0.9679482654,7.26177553,1.529899,1.907018,9.3364691,1.992434,1.40106
2024-12-01,Expansión - Centro,CERVEZAS,42,832,1416,14427.63,3111,4.90847676,0.07093236224,37,319,410,5080.4,1084,4.824001611,0.1382429785,1.017511426,10.18900424,2.197034,1.701923,12.39121951,2.643902,1.285266
2024-12-01,Expansión - Centro,CERVEZAS,43,596,931,9982.32,2047,5.023704315,0.08139509176,41,418,741,9863.34,2275,4.5678506,0.1588715739,1.099796109,10.72214823,2.198711,1.562081,13.3108502,3.070175,1.772727
2024-12-01,Expansión - Centro,CERVEZAS,41,500,703,6622.13,1312,5.093208282,0.08852839342,35,271,350,3367.11,707,4.765718615,0.1283262734,1.068717794,9.41981508,1.866287,1.406,9.62031429,2.02,1.291513
2024-12-01,Expansión - Costa,CERVEZAS,44,1285,2515,23290.42,4983,4.742017576,0.09661944208,40,451,842,12174.42,2656,4.706171426,0.1883106948,1.007616839,9.26060437,1.981312,1.957198,14.45893112,3.154394,1.866962
2024-12-01,Medellín,CERVEZAS,80,21778,39164,330760.88,70923,4.790228126,0.08556279597,78,4573,5800,58889.7,12547,4.792067364,0.1756390345,0.9996161912,8.44553365,1.810923,1.798329,10.15339655,2.163276,1.268314
2025-01-01,Bogotá,CERVEZAS,49,655,1005,8901.24,1814,5.026451295,0.07772074565,40,260,309,3521.29,702,5.047206349,0.119600318,0.9958878134,8.85695522,1.804975,1.534351,11.39576052,2.271845,1.188462
2025-01-01,Bogotá,CERVEZAS,79,33271,59577,491483.2,101375,4.953230594,0.07352053974,75,4531,5706,54081.49,11342,4.849238981,0.127711327,1.021444934,8.24954597,1.701579,1.790659,9.47800386,1.987732,1.259325
2025-01-01,Cali y Bucaramanga,CERVEZAS,61,4901,8830,66412.21,14204,4.734727379,0.08007759409,51,1491,1966,16771.09,3801,4.463973464,0.09819032442,1.060653119,7.52120159,1.608607,1.801673,8.5305646,1.933367,1.318578
2025-01-01,Cali y Bucaramanga,CERVEZAS,57,2277,4120,35187.69,7524,4.753405761,0.07742577056,48,496,647,6273.31,1392,4.565749293,0.1106787498,1.041100914,8.54070146,1.826214,1.809398,9.69599691,2.151468,1.304435
2025-01-01,Costa,CERVEZAS,62,3993,7024,67570.23,14501,4.754652804,0.07176577256,49,919,1182,12321.55,2729,4.627669995,0.09552141754,1.027439901,9.61990746,2.064493,1.759078,10.42432318,2.308799,1.286181
2025-01-01,Costa,CERVEZAS,61,7000,13181,109696.19,23844,4.680393409,0.07028953134,45,846,997,10641.4,2283,4.725697624,0.1291077923,0.9904132217,8.32229649,1.808967,1.883,10.67342026,2.28987,1.178487
2025-01-01,Expansión -  Costa,CERVEZAS,41,607,1071,9122.66,1987,4.670319719,0.06255194389,35,810,1049,11145.3,2453,4.639295883,0.1039915858,1.006687186,8.51788982,1.855275,1.764415,10.62469018,2.338418,1.295062
2025-01-01,Expansión - Centro,CERVEZAS,39,584,959,9000.35,1930,4.799621244,0.06314038147,22,130,157,1516.97,324,4.66757655,0.08498217931,1.028289776,9.38514077,2.012513,1.642123,9.6622293,2.063694,1.207692
2025-01-01,Expansión - Centro,CERVEZAS,39,425,705,6568.13,1433,4.646716985,0.09003549367,36,239,388,4793.82,1057,4.61745601,0.1469981304,1.006337034,9.31649645,2.032624,1.658824,12.35520619,2.724227,1.623431
2025-01-01,Expansión - Centro,CERVEZAS,37,376,531,4148.97,859,4.824431123,0.08936536295,28,142,198,1523.61,344,4.51219557,0.07928965674,1.069198143,7.81350282,1.617702,1.412234,7.695,1.737374,1.394366
2025-01-01,Expansión - Centro,CERVEZAS,42,444,869,5912.49,1263,4.653234502,0.06186243035,39,359,505,4144.75,907,4.620450102,0.1028387007,1.007095499,6.80378596,1.453395,1.957207,8.20742574,1.79604,1.406685
2025-01-01,Expansión - Costa,CERVEZAS,39,944,1763,14649.83,3182,4.613503619,0.07277800362,30,226,339,4644.85,1020,4.761530177,0.144692557,0.9689119775,8.30960295,1.804878,1.867585,13.70162242,3.00885,1.5
2025-01-01,Medellín,CERVEZAS,81,15266,27776,212879.76,46428,4.683984842,0.0641148471,71,2774,3536,29525.6,6398,4.666207918,0.1162992724,1.003809716,7.66416187,1.671515,1.819468,8.35,1.809389,1.274694
2025-02-01,Bogotá,CERVEZAS,81,34102,60225,493465.28,101460,4.984583417,0.07033575006,78,4622,5745,48868.18,10438,4.792977391,0.121565007,1.039976409,8.19369498,1.684682,1.766025,8.50621062,1.816884,1.242968
2025-02-01,Bogotá,CERVEZAS,56,619,989,8652.78,1720,5.106482578,0.08756622814,38,211,252,2557.49,506,5.171627778,0.1002786685,0.9874033471,8.74901921,1.73913,1.597738,10.14876984,2.007937,1.194313
2025-02-01,Cali y Bucaramanga,CERVEZAS,63,2045,3697,29393.94,6464,4.647053934,0.08291364329,45,453,581,4598.11,1095,4.377355437,0.08301219402,1.0616122,7.95075467,1.748445,1.807824,7.91413081,1.884682,1.282561
2025-02-01,Cali y Bucaramanga,CERVEZAS,62,4507,7894,58173.34,12683,4.665463875,0.07688040638,53,1268,1706,13586.15,3096,4.454217284,0.08847989465,1.047426198,7.36931087,1.606663,1.751498,7.9637456,1.814771,1.345426
2025-02-01,Costa,CERVEZAS,66,3062,5446,50321.63,10637,4.817952456,0.0728921179,50,819,1047,10020.54,2202,4.642917279,0.1032744429,1.037699396,9.24010834,1.953177,1.778576,9.57071633,2.103152,1.278388
2025-02-01,Costa,CERVEZAS,64,6758,12744,108429.79,23427,4.703444438,0.0797482709,54,1004,1218,12304.24,2788,4.608083092,0.1220944545,1.020694363,8.50830116,1.838277,1.885765,10.10200328,2.288998,1.213147
2025-02-01,Expansión -  Costa,CERVEZAS,41,480,812,6659.2,1430,4.675678827,0.09136437355,38,609,788,6967.08,1562,4.576778826,0.0780954912,1.021609085,8.20098522,1.761084,1.691667,8.84147208,1.982234,1.293924
2025-02-01,Expansión - Centro,CERVEZAS,45,383,686,4999.18,1029,4.920034045,0.06904907216,36,312,437,3269.77,725,4.592129397,0.09197552905,1.071405794,7.2874344,1.5,1.791123,7.48231121,1.659039,1.400641
2025-02-01,Expansión - Centro,CERVEZAS,35,316,513,3758.85,760,5.047063406,0.112608496,25,138,183,1260.18,297,4.454654822,0.06233532253,1.132986417,7.32719298,1.481481,1.623418,6.88622951,1.622951,1.326087
2025-02-01,Expansión - Centro,CERVEZAS,43,332,524,4640.93,977,4.82619971,0.07947662667,35,204,290,2769.29,644,4.507718029,0.1054582641,1.07065253,8.85673664,1.864504,1.578313,9.54927586,2.22069,1.421569
2025-02-01,Expansión - Centro,CERVEZAS,41,446,743,7013.94,1433,5.05411767,0.08106977077,27,137,156,1343.43,278,4.890472381,0.09039050271,1.033462062,9.44002692,1.928668,1.665919,8.61173077,1.782051,1.138686
2025-02-01,Expansión - Costa,CERVEZAS,42,786,1417,11732.99,2522,4.726623282,0.08883707662,32,205,298,2588.61,606,4.439474664,0.1263541013,1.064680765,8.28016231,1.779817,1.802799,8.68661074,2.033557,1.453659
2025-02-01,Medellín,CERVEZAS,83,14455,25799,195045.67,41563,4.790776512,0.06053832739,77,2729,3462,28203.5,6230,4.605489888,0.122074272,1.040231686,7.56020272,1.611031,1.78478,8.14659157,1.799538,1.268597